,Date,DataCount,Trifecta,variable,value
0,2008-01-12,1,0,Acoustic,
1,2008-01-29,1,0,Acoustic,
2,2008-02-03,1,0,Acoustic,
3,2008-02-04,1,0,Acoustic,
4,2008-02-21,1,0,Acoustic,
5,2008-02-23,1,0,Acoustic,Acoustic
6,2008-02-24,1,0,Acoustic,Acoustic
7,2008-02-25,2,0,Acoustic,Acoustic
8,2008-02-26,1,0,Acoustic,Acoustic
9,2008-02-27,1,0,Acoustic,Acoustic
10,2008-02-28,1,0,Acoustic,Acoustic
11,2008-02-29,2,0,Acoustic,Acoustic
12,2008-03-01,1,0,Acoustic,Acoustic
13,2008-03-02,1,0,Acoustic,Acoustic
14,2008-03-03,1,0,Acoustic,Acoustic
15,2008-03-04,1,0,Acoustic,Acoustic
16,2008-03-05,1,0,Acoustic,Acoustic
17,2008-03-06,2,0,Acoustic,Acoustic
18,2008-03-07,2,0,Acoustic,Acoustic
19,2008-03-08,1,0,Acoustic,Acoustic
20,2008-03-09,1,0,Acoustic,Acoustic
21,2008-03-10,1,0,Acoustic,Acoustic
22,2008-03-11,2,0,Acoustic,Acoustic
23,2008-03-12,1,0,Acoustic,Acoustic
24,2008-03-13,1,0,Acoustic,Acoustic
25,2008-03-14,2,0,Acoustic,Acoustic
26,2008-03-15,1,0,Acoustic,Acoustic
27,2008-03-16,1,0,Acoustic,Acoustic
28,2008-03-17,1,0,Acoustic,Acoustic
29,2008-03-18,2,0,Acoustic,Acoustic
30,2008-03-19,1,0,Acoustic,Acoustic
31,2008-03-20,1,0,Acoustic,Acoustic
32,2008-03-21,1,0,Acoustic,Acoustic
33,2008-03-22,1,0,Acoustic,Acoustic
34,2008-03-23,1,0,Acoustic,Acoustic
35,2008-03-24,2,0,Acoustic,Acoustic
36,2008-03-25,1,0,Acoustic,Acoustic
37,2008-03-26,1,0,Acoustic,Acoustic
38,2008-03-27,2,0,Acoustic,Acoustic
39,2008-03-28,1,0,Acoustic,Acoustic
40,2008-03-29,1,0,Acoustic,Acoustic
41,2008-03-30,1,0,Acoustic,Acoustic
42,2008-03-31,1,0,Acoustic,Acoustic
43,2008-04-01,1,0,Acoustic,Acoustic
44,2008-04-02,1,0,Acoustic,Acoustic
45,2008-04-03,1,0,Acoustic,Acoustic
46,2008-04-04,1,0,Acoustic,Acoustic
47,2008-04-05,1,0,Acoustic,Acoustic
48,2008-04-06,1,0,Acoustic,Acoustic
49,2008-04-07,1,0,Acoustic,Acoustic
50,2008-04-08,2,0,Acoustic,Acoustic
51,2008-04-09,2,0,Acoustic,Acoustic
52,2008-04-10,2,0,Acoustic,Acoustic
53,2008-04-11,2,0,Acoustic,Acoustic
54,2008-04-12,1,0,Acoustic,Acoustic
55,2008-04-13,1,0,Acoustic,Acoustic
56,2008-04-14,2,0,Acoustic,Acoustic
57,2008-04-15,2,0,Acoustic,Acoustic
58,2008-04-16,1,0,Acoustic,Acoustic
59,2008-04-17,1,0,Acoustic,Acoustic
60,2008-04-18,1,0,Acoustic,Acoustic
61,2008-04-19,2,0,Acoustic,Acoustic
62,2008-04-20,2,0,Acoustic,Acoustic
63,2008-04-21,2,0,Acoustic,Acoustic
64,2008-04-22,1,0,Acoustic,Acoustic
65,2008-04-23,2,0,Acoustic,Acoustic
66,2008-04-24,1,0,Acoustic,Acoustic
67,2008-04-25,2,0,Acoustic,Acoustic
68,2008-04-26,2,0,Acoustic,Acoustic
69,2008-04-27,2,0,Acoustic,Acoustic
70,2008-04-28,2,0,Acoustic,Acoustic
71,2008-04-29,1,0,Acoustic,Acoustic
72,2008-04-30,1,0,Acoustic,Acoustic
73,2008-05-01,2,0,Acoustic,Acoustic
74,2008-05-02,1,0,Acoustic,Acoustic
75,2008-05-03,1,0,Acoustic,Acoustic
76,2008-05-04,1,0,Acoustic,Acoustic
77,2008-05-05,1,0,Acoustic,Acoustic
78,2008-05-06,1,0,Acoustic,Acoustic
79,2008-05-07,1,0,Acoustic,Acoustic
80,2008-05-08,1,0,Acoustic,Acoustic
81,2008-05-09,1,0,Acoustic,Acoustic
82,2008-05-10,1,0,Acoustic,Acoustic
83,2008-05-11,1,0,Acoustic,Acoustic
84,2008-05-12,1,0,Acoustic,Acoustic
85,2008-05-13,1,0,Acoustic,Acoustic
86,2008-05-14,1,0,Acoustic,Acoustic
87,2008-05-15,2,0,Acoustic,Acoustic
88,2008-05-16,1,0,Acoustic,Acoustic
89,2008-05-17,1,0,Acoustic,Acoustic
90,2008-05-18,1,0,Acoustic,Acoustic
91,2008-05-19,1,0,Acoustic,Acoustic
92,2008-05-20,1,0,Acoustic,Acoustic
93,2009-01-26,1,0,Acoustic,
94,2009-01-30,1,0,Acoustic,
95,2009-02-02,1,0,Acoustic,
96,2009-02-11,1,0,Acoustic,
97,2009-02-16,1,0,Acoustic,
98,2009-02-17,1,0,Acoustic,Acoustic
99,2009-02-18,2,0,Acoustic,Acoustic
100,2009-02-19,1,0,Acoustic,Acoustic
101,2009-02-20,1,0,Acoustic,Acoustic
102,2009-02-21,1,0,Acoustic,Acoustic
103,2009-02-22,2,0,Acoustic,Acoustic
104,2009-02-23,1,0,Acoustic,Acoustic
105,2009-02-24,1,0,Acoustic,Acoustic
106,2009-02-25,2,0,Acoustic,Acoustic
107,2009-02-26,2,0,Acoustic,Acoustic
108,2009-02-27,1,0,Acoustic,Acoustic
109,2009-02-28,1,0,Acoustic,Acoustic
110,2009-03-01,1,0,Acoustic,Acoustic
111,2009-03-02,1,0,Acoustic,Acoustic
112,2009-03-03,1,0,Acoustic,Acoustic
113,2009-03-04,1,0,Acoustic,Acoustic
114,2009-03-05,1,0,Acoustic,Acoustic
115,2009-03-06,1,0,Acoustic,Acoustic
116,2009-03-07,1,0,Acoustic,Acoustic
117,2009-03-08,1,0,Acoustic,Acoustic
118,2009-03-09,1,0,Acoustic,Acoustic
119,2009-03-10,2,0,Acoustic,Acoustic
120,2009-03-11,1,0,Acoustic,Acoustic
121,2009-03-12,1,0,Acoustic,Acoustic
122,2009-03-13,1,0,Acoustic,Acoustic
123,2009-03-14,2,0,Acoustic,Acoustic
124,2009-03-15,2,0,Acoustic,Acoustic
125,2009-03-16,1,0,Acoustic,Acoustic
126,2009-03-17,2,0,Acoustic,Acoustic
127,2009-03-18,1,0,Acoustic,Acoustic
128,2009-03-19,1,0,Acoustic,Acoustic
129,2009-03-20,1,0,Acoustic,Acoustic
130,2009-03-21,1,0,Acoustic,Acoustic
131,2009-03-22,1,0,Acoustic,Acoustic
132,2009-03-23,1,0,Acoustic,Acoustic
133,2009-03-24,1,0,Acoustic,Acoustic
134,2009-03-25,1,0,Acoustic,Acoustic
135,2009-03-26,2,0,Acoustic,Acoustic
136,2009-03-27,1,0,Acoustic,Acoustic
137,2009-03-28,1,0,Acoustic,Acoustic
138,2009-03-29,1,0,Acoustic,Acoustic
139,2009-03-30,1,0,Acoustic,Acoustic
140,2009-03-31,1,0,Acoustic,Acoustic
141,2009-04-01,2,0,Acoustic,Acoustic
142,2009-04-02,1,0,Acoustic,Acoustic
143,2009-04-03,1,0,Acoustic,Acoustic
144,2009-04-04,1,0,Acoustic,Acoustic
145,2009-04-05,1,0,Acoustic,Acoustic
146,2009-04-06,1,0,Acoustic,Acoustic
147,2009-04-07,1,0,Acoustic,Acoustic
148,2009-04-08,1,0,Acoustic,Acoustic
149,2009-04-09,2,0,Acoustic,Acoustic
150,2009-04-10,2,0,Acoustic,Acoustic
151,2009-04-11,1,0,Acoustic,Acoustic
152,2009-04-12,1,0,Acoustic,Acoustic
153,2009-04-13,1,0,Acoustic,Acoustic
154,2009-04-14,2,0,Acoustic,Acoustic
155,2009-04-15,1,0,Acoustic,Acoustic
156,2009-04-16,1,0,Acoustic,Acoustic
157,2009-04-17,2,0,Acoustic,Acoustic
158,2009-04-18,2,0,Acoustic,Acoustic
159,2009-04-19,1,0,Acoustic,Acoustic
160,2009-04-20,1,0,Acoustic,Acoustic
161,2009-04-21,1,0,Acoustic,Acoustic
162,2009-04-22,1,0,Acoustic,Acoustic
163,2009-04-23,1,0,Acoustic,Acoustic
164,2009-04-24,2,0,Acoustic,Acoustic
165,2009-04-25,2,0,Acoustic,Acoustic
166,2009-04-26,2,0,Acoustic,Acoustic
167,2009-04-27,2,0,Acoustic,Acoustic
168,2009-04-28,1,0,Acoustic,Acoustic
169,2009-04-29,1,0,Acoustic,Acoustic
170,2009-04-30,2,0,Acoustic,Acoustic
171,2009-05-01,1,0,Acoustic,Acoustic
172,2009-05-02,1,0,Acoustic,Acoustic
173,2009-05-03,1,0,Acoustic,Acoustic
174,2009-05-04,2,0,Acoustic,Acoustic
175,2009-05-05,1,0,Acoustic,Acoustic
176,2009-05-06,1,0,Acoustic,Acoustic
177,2009-05-07,1,0,Acoustic,Acoustic
178,2009-05-08,1,0,Acoustic,Acoustic
179,2009-05-09,1,0,Acoustic,Acoustic
180,2009-05-10,1,0,Acoustic,Acoustic
181,2009-05-11,1,0,Acoustic,Acoustic
182,2009-05-12,1,0,Acoustic,Acoustic
183,2009-05-13,1,0,Acoustic,Acoustic
184,2009-05-14,1,0,Acoustic,Acoustic
185,2009-05-15,1,0,Acoustic,Acoustic
186,2009-05-16,1,0,Acoustic,Acoustic
187,2009-09-26,1,0,Acoustic,
188,2010-01-28,1,0,Acoustic,
189,2010-02-02,1,0,Acoustic,
190,2010-02-03,1,0,Acoustic,
191,2010-02-13,1,0,Acoustic,
192,2010-02-22,1,0,Acoustic,
193,2010-02-28,1,0,Acoustic,
194,2010-03-02,1,0,Acoustic,
195,2010-03-07,1,0,Acoustic,
196,2010-03-08,1,0,Acoustic,Acoustic
197,2010-03-09,1,0,Acoustic,Acoustic
198,2010-03-10,1,0,Acoustic,Acoustic
199,2010-03-11,1,0,Acoustic,Acoustic
200,2010-03-12,2,0,Acoustic,Acoustic
201,2010-03-13,1,0,Acoustic,Acoustic
202,2010-03-14,1,0,Acoustic,Acoustic
203,2010-03-15,1,0,Acoustic,Acoustic
204,2010-03-16,1,0,Acoustic,Acoustic
205,2010-03-17,2,0,Acoustic,Acoustic
206,2010-03-18,1,0,Acoustic,Acoustic
207,2010-03-19,2,0,Acoustic,Acoustic
208,2010-03-20,1,0,Acoustic,Acoustic
209,2010-03-21,2,0,Acoustic,Acoustic
210,2010-03-22,1,0,Acoustic,Acoustic
211,2010-03-23,1,0,Acoustic,Acoustic
212,2010-03-24,1,0,Acoustic,Acoustic
213,2010-03-25,2,0,Acoustic,Acoustic
214,2010-03-26,1,0,Acoustic,Acoustic
215,2010-03-27,1,0,Acoustic,Acoustic
216,2010-03-28,2,0,Acoustic,Acoustic
217,2010-03-29,1,0,Acoustic,Acoustic
218,2010-03-30,1,0,Acoustic,Acoustic
219,2010-03-31,1,0,Acoustic,Acoustic
220,2010-04-01,2,0,Acoustic,Acoustic
221,2010-04-02,2,0,Acoustic,Acoustic
222,2010-04-03,2,0,Acoustic,Acoustic
223,2010-04-04,2,0,Acoustic,Acoustic
224,2010-04-05,2,0,Acoustic,Acoustic
225,2010-04-06,2,0,Acoustic,Acoustic
226,2010-04-07,1,0,Acoustic,Acoustic
227,2010-04-08,2,0,Acoustic,Acoustic
228,2010-04-09,1,0,Acoustic,Acoustic
229,2010-04-10,2,0,Acoustic,Acoustic
230,2010-04-11,1,0,Acoustic,Acoustic
231,2010-04-12,2,0,Acoustic,Acoustic
232,2010-04-13,2,0,Acoustic,Acoustic
233,2010-04-14,2,0,Acoustic,Acoustic
234,2010-04-15,1,0,Acoustic,Acoustic
235,2010-04-16,1,0,Acoustic,Acoustic
236,2010-04-17,1,0,Acoustic,Acoustic
237,2010-04-18,2,0,Acoustic,Acoustic
238,2010-04-19,1,0,Acoustic,Acoustic
239,2010-04-20,2,0,Acoustic,Acoustic
240,2010-04-21,1,0,Acoustic,Acoustic
241,2010-04-22,1,0,Acoustic,Acoustic
242,2010-04-23,1,0,Acoustic,Acoustic
243,2010-04-24,1,0,Acoustic,Acoustic
244,2010-04-25,1,0,Acoustic,Acoustic
245,2010-04-26,1,0,Acoustic,Acoustic
246,2010-04-27,1,0,Acoustic,Acoustic
247,2010-04-28,1,0,Acoustic,Acoustic
248,2010-04-29,1,0,Acoustic,Acoustic
249,2010-04-30,1,0,Acoustic,Acoustic
250,2010-05-01,1,0,Acoustic,Acoustic
251,2010-05-02,1,0,Acoustic,Acoustic
252,2010-05-03,1,0,Acoustic,Acoustic
253,2010-05-04,1,0,Acoustic,Acoustic
254,2010-05-05,1,0,Acoustic,Acoustic
255,2011-01-06,1,0,Acoustic,
256,2011-01-17,1,0,Acoustic,
257,2011-01-22,1,0,Acoustic,
258,2011-01-28,1,0,Acoustic,
259,2011-01-29,1,0,Acoustic,
260,2011-02-07,1,0,Acoustic,
261,2011-02-17,3,1,Acoustic,Acoustic
262,2011-02-18,1,0,Acoustic,Acoustic
263,2011-02-19,1,0,Acoustic,Acoustic
264,2011-02-20,1,0,Acoustic,Acoustic
265,2011-02-21,1,0,Acoustic,Acoustic
266,2011-02-22,1,0,Acoustic,Acoustic
267,2011-02-23,1,0,Acoustic,Acoustic
268,2011-02-24,3,1,Acoustic,Acoustic
269,2011-02-25,1,0,Acoustic,Acoustic
270,2011-02-26,1,0,Acoustic,Acoustic
271,2011-02-27,1,0,Acoustic,Acoustic
272,2011-02-28,1,0,Acoustic,Acoustic
273,2011-03-01,1,0,Acoustic,Acoustic
274,2011-03-02,1,0,Acoustic,Acoustic
275,2011-03-03,1,0,Acoustic,Acoustic
276,2011-03-04,2,0,Acoustic,Acoustic
277,2011-03-05,1,0,Acoustic,Acoustic
278,2011-03-06,1,0,Acoustic,Acoustic
279,2011-03-07,1,0,Acoustic,Acoustic
280,2011-03-08,2,0,Acoustic,Acoustic
281,2011-03-09,1,0,Acoustic,Acoustic
282,2011-03-10,1,0,Acoustic,Acoustic
283,2011-03-11,1,0,Acoustic,Acoustic
284,2011-03-12,1,0,Acoustic,Acoustic
285,2011-03-13,2,0,Acoustic,Acoustic
286,2011-03-14,1,0,Acoustic,Acoustic
287,2011-03-15,1,0,Acoustic,Acoustic
288,2011-03-16,1,0,Acoustic,Acoustic
289,2011-03-17,3,1,Acoustic,Acoustic
290,2011-03-18,1,0,Acoustic,Acoustic
291,2011-03-19,1,0,Acoustic,Acoustic
292,2011-03-20,2,0,Acoustic,Acoustic
293,2011-03-21,1,0,Acoustic,Acoustic
294,2011-03-22,1,0,Acoustic,Acoustic
295,2011-03-23,2,0,Acoustic,Acoustic
296,2011-03-24,1,0,Acoustic,Acoustic
297,2011-03-25,1,0,Acoustic,Acoustic
298,2011-03-26,2,0,Acoustic,Acoustic
299,2011-03-27,1,0,Acoustic,Acoustic
300,2011-03-28,1,0,Acoustic,Acoustic
301,2011-03-29,1,0,Acoustic,Acoustic
302,2011-03-30,2,0,Acoustic,Acoustic
303,2011-03-31,1,0,Acoustic,Acoustic
304,2011-04-01,1,0,Acoustic,Acoustic
305,2011-04-02,1,0,Acoustic,Acoustic
306,2011-04-03,1,0,Acoustic,Acoustic
307,2011-04-04,1,0,Acoustic,Acoustic
308,2011-04-05,1,0,Acoustic,Acoustic
309,2011-04-06,1,0,Acoustic,Acoustic
310,2011-04-07,2,0,Acoustic,Acoustic
311,2011-04-08,2,0,Acoustic,Acoustic
312,2011-04-09,1,0,Acoustic,Acoustic
313,2011-04-10,1,0,Acoustic,Acoustic
314,2011-04-11,1,0,Acoustic,Acoustic
315,2011-04-12,1,0,Acoustic,Acoustic
316,2011-04-13,1,0,Acoustic,Acoustic
317,2011-04-14,2,0,Acoustic,Acoustic
318,2011-04-15,2,0,Acoustic,Acoustic
319,2011-04-16,1,0,Acoustic,Acoustic
320,2011-04-17,1,0,Acoustic,Acoustic
321,2011-04-18,1,0,Acoustic,Acoustic
322,2011-04-19,3,1,Acoustic,Acoustic
323,2011-04-20,1,0,Acoustic,Acoustic
324,2011-04-21,1,0,Acoustic,Acoustic
325,2011-04-22,2,0,Acoustic,Acoustic
326,2011-04-23,1,0,Acoustic,Acoustic
327,2011-04-24,2,0,Acoustic,Acoustic
328,2011-04-25,3,1,Acoustic,Acoustic
329,2011-04-26,1,0,Acoustic,Acoustic
330,2011-04-27,2,0,Acoustic,Acoustic
331,2011-04-28,1,0,Acoustic,Acoustic
332,2011-04-29,3,1,Acoustic,Acoustic
333,2011-04-30,2,0,Acoustic,Acoustic
334,2011-05-01,1,0,Acoustic,Acoustic
335,2011-05-02,2,0,Acoustic,Acoustic
336,2011-05-03,2,0,Acoustic,Acoustic
337,2011-05-04,1,0,Acoustic,Acoustic
338,2011-05-05,1,0,Acoustic,Acoustic
339,2011-05-06,1,0,Acoustic,Acoustic
340,2011-05-07,1,0,Acoustic,Acoustic
341,2011-05-08,1,0,Acoustic,Acoustic
342,2011-11-30,1,0,Acoustic,
343,2011-12-03,1,0,Acoustic,
344,2012-01-07,1,0,Acoustic,
345,2012-01-16,1,0,Acoustic,
346,2012-01-23,1,0,Acoustic,
347,2012-01-26,2,0,Acoustic,
348,2012-02-02,1,0,Acoustic,
349,2012-02-05,1,0,Acoustic,
350,2012-02-09,2,0,Acoustic,
351,2012-02-15,2,0,Acoustic,
352,2012-02-16,1,0,Acoustic,
353,2012-02-27,2,0,Acoustic,
354,2012-02-29,2,0,Acoustic,
355,2012-03-04,1,0,Acoustic,
356,2012-03-12,1,0,Acoustic,
357,2012-03-16,1,0,Acoustic,
358,2012-03-17,1,0,Acoustic,
359,2012-03-18,1,0,Acoustic,
360,2012-03-19,1,0,Acoustic,
361,2012-03-20,1,0,Acoustic,
362,2012-03-21,1,0,Acoustic,
363,2012-03-23,2,0,Acoustic,
364,2012-03-31,1,0,Acoustic,
365,2012-04-01,2,0,Acoustic,
366,2012-04-06,1,0,Acoustic,
367,2012-04-13,2,0,Acoustic,
368,2012-04-17,2,0,Acoustic,
369,2012-04-19,1,0,Acoustic,
370,2012-08-16,1,0,Acoustic,
371,2012-11-18,1,0,Acoustic,
372,2012-12-12,1,0,Acoustic,
373,2012-12-13,1,0,Acoustic,
374,2012-12-29,1,0,Acoustic,
375,2013-01-06,1,0,Acoustic,
376,2013-01-11,1,0,Acoustic,
377,2013-01-12,1,0,Acoustic,
378,2013-01-17,1,0,Acoustic,
379,2013-01-21,1,0,Acoustic,
380,2013-01-28,3,1,Acoustic,Acoustic
381,2013-01-29,1,0,Acoustic,Acoustic
382,2013-01-30,1,0,Acoustic,Acoustic
383,2013-01-31,1,0,Acoustic,Acoustic
384,2013-02-01,1,0,Acoustic,Acoustic
385,2013-02-02,1,0,Acoustic,Acoustic
386,2013-02-03,1,0,Acoustic,Acoustic
387,2013-02-04,1,0,Acoustic,Acoustic
388,2013-02-05,2,0,Acoustic,Acoustic
389,2013-02-06,2,0,Acoustic,Acoustic
390,2013-02-07,1,0,Acoustic,Acoustic
391,2013-02-08,1,0,Acoustic,Acoustic
392,2013-02-09,1,0,Acoustic,Acoustic
393,2013-02-10,1,0,Acoustic,Acoustic
394,2013-02-11,1,0,Acoustic,Acoustic
395,2013-02-12,1,0,Acoustic,Acoustic
396,2013-02-13,2,0,Acoustic,Acoustic
397,2013-02-14,1,0,Acoustic,Acoustic
398,2013-02-15,1,0,Acoustic,Acoustic
399,2013-02-16,1,0,Acoustic,Acoustic
400,2013-02-17,1,0,Acoustic,Acoustic
401,2013-02-18,1,0,Acoustic,Acoustic
402,2013-02-19,2,0,Acoustic,Acoustic
403,2013-02-20,1,0,Acoustic,Acoustic
404,2013-02-21,1,0,Acoustic,Acoustic
405,2013-02-22,1,0,Acoustic,Acoustic
406,2013-02-23,2,0,Acoustic,Acoustic
407,2013-02-24,1,0,Acoustic,Acoustic
408,2013-02-25,1,0,Acoustic,Acoustic
409,2013-02-26,2,0,Acoustic,Acoustic
410,2013-02-27,1,0,Acoustic,Acoustic
411,2013-02-28,1,0,Acoustic,Acoustic
412,2013-03-01,1,0,Acoustic,Acoustic
413,2013-03-02,1,0,Acoustic,Acoustic
414,2013-03-03,1,0,Acoustic,Acoustic
415,2013-03-04,1,0,Acoustic,Acoustic
416,2013-03-05,1,0,Acoustic,Acoustic
417,2013-03-06,1,0,Acoustic,Acoustic
418,2013-03-07,1,0,Acoustic,Acoustic
419,2013-03-08,1,0,Acoustic,Acoustic
420,2013-03-09,1,0,Acoustic,Acoustic
421,2013-03-10,1,0,Acoustic,Acoustic
422,2013-03-11,3,1,Acoustic,Acoustic
423,2013-03-12,1,0,Acoustic,Acoustic
424,2013-03-13,2,0,Acoustic,Acoustic
425,2013-03-14,1,0,Acoustic,Acoustic
426,2013-03-15,1,0,Acoustic,Acoustic
427,2013-03-16,1,0,Acoustic,Acoustic
428,2013-03-17,1,0,Acoustic,Acoustic
429,2013-03-18,3,1,Acoustic,Acoustic
430,2013-03-19,1,0,Acoustic,Acoustic
431,2013-03-20,1,0,Acoustic,Acoustic
432,2013-03-21,2,0,Acoustic,Acoustic
433,2013-03-22,1,0,Acoustic,Acoustic
434,2013-03-23,1,0,Acoustic,Acoustic
435,2013-03-24,1,0,Acoustic,Acoustic
436,2013-03-25,1,0,Acoustic,Acoustic
437,2013-03-26,1,0,Acoustic,Acoustic
438,2013-03-27,2,0,Acoustic,Acoustic
439,2013-03-28,1,0,Acoustic,Acoustic
440,2013-03-29,2,0,Acoustic,Acoustic
441,2013-03-30,2,0,Acoustic,Acoustic
442,2013-03-31,1,0,Acoustic,Acoustic
443,2013-04-01,1,0,Acoustic,Acoustic
444,2013-04-02,1,0,Acoustic,Acoustic
445,2013-04-03,1,0,Acoustic,Acoustic
446,2013-04-04,2,0,Acoustic,Acoustic
447,2013-04-05,1,0,Acoustic,Acoustic
448,2013-04-06,1,0,Acoustic,Acoustic
449,2013-04-07,1,0,Acoustic,Acoustic
450,2013-04-08,3,1,Acoustic,Acoustic
451,2013-04-09,1,0,Acoustic,Acoustic
452,2013-04-10,2,0,Acoustic,Acoustic
453,2013-04-11,2,0,Acoustic,Acoustic
454,2013-04-12,1,0,Acoustic,Acoustic
455,2013-04-13,2,0,Acoustic,Acoustic
456,2013-04-14,2,0,Acoustic,Acoustic
457,2013-04-15,3,1,Acoustic,Acoustic
458,2013-04-16,1,0,Acoustic,Acoustic
459,2013-04-17,2,0,Acoustic,Acoustic
460,2013-04-18,2,0,Acoustic,Acoustic
461,2013-04-19,1,0,Acoustic,Acoustic
462,2013-04-20,1,0,Acoustic,Acoustic
463,2013-04-21,2,0,Acoustic,Acoustic
464,2013-04-22,1,0,Acoustic,Acoustic
465,2013-04-23,2,0,Acoustic,Acoustic
466,2013-04-24,1,0,Acoustic,Acoustic
467,2013-04-25,1,0,Acoustic,Acoustic
468,2013-04-26,3,1,Acoustic,Acoustic
469,2013-04-27,2,0,Acoustic,Acoustic
470,2013-04-28,2,0,Acoustic,Acoustic
471,2013-04-29,3,1,Acoustic,Acoustic
472,2013-04-30,2,0,Acoustic,Acoustic
473,2013-05-01,3,1,Acoustic,Acoustic
474,2013-05-02,1,0,Acoustic,Acoustic
475,2013-05-03,1,0,Acoustic,Acoustic
476,2013-05-04,1,0,Acoustic,Acoustic
477,2013-05-05,2,0,Acoustic,Acoustic
478,2013-05-06,1,0,Acoustic,Acoustic
479,2013-10-31,1,0,Acoustic,
480,2013-12-29,1,0,Acoustic,
481,2014-01-05,1,0,Acoustic,
482,2014-01-10,1,0,Acoustic,
483,2014-01-16,1,0,Acoustic,
484,2014-01-17,1,0,Acoustic,
485,2014-02-01,1,0,Acoustic,
486,2014-02-08,1,0,Acoustic,
487,2014-02-12,1,0,Acoustic,
488,2014-02-20,1,0,Acoustic,
489,2014-02-23,1,0,Acoustic,
490,2014-03-01,2,0,Acoustic,Acoustic
491,2014-03-02,1,0,Acoustic,Acoustic
492,2014-03-03,1,0,Acoustic,Acoustic
493,2014-03-04,3,1,Acoustic,Acoustic
494,2014-03-05,1,0,Acoustic,Acoustic
495,2014-03-06,1,0,Acoustic,Acoustic
496,2014-03-07,2,0,Acoustic,Acoustic
497,2014-03-08,2,0,Acoustic,Acoustic
498,2014-03-09,1,0,Acoustic,Acoustic
499,2014-03-10,2,0,Acoustic,Acoustic
500,2014-03-11,1,0,Acoustic,Acoustic
501,2014-03-12,2,0,Acoustic,Acoustic
502,2014-03-13,1,0,Acoustic,Acoustic
503,2014-03-14,2,0,Acoustic,Acoustic
504,2014-03-15,1,0,Acoustic,Acoustic
505,2014-03-16,1,0,Acoustic,Acoustic
506,2014-03-17,2,0,Acoustic,Acoustic
507,2014-03-18,2,0,Acoustic,Acoustic
508,2014-03-19,2,0,Acoustic,Acoustic
509,2014-03-20,1,0,Acoustic,Acoustic
510,2014-03-21,1,0,Acoustic,Acoustic
511,2014-03-22,1,0,Acoustic,Acoustic
512,2014-03-23,2,0,Acoustic,Acoustic
513,2014-03-24,1,0,Acoustic,Acoustic
514,2014-03-25,3,1,Acoustic,Acoustic
515,2014-03-26,1,0,Acoustic,Acoustic
516,2014-03-27,1,0,Acoustic,Acoustic
517,2014-03-28,1,0,Acoustic,Acoustic
518,2014-03-29,1,0,Acoustic,Acoustic
519,2014-03-30,1,0,Acoustic,Acoustic
520,2014-03-31,1,0,Acoustic,Acoustic
521,2014-04-01,1,0,Acoustic,Acoustic
522,2014-04-02,3,1,Acoustic,Acoustic
523,2014-04-03,1,0,Acoustic,Acoustic
524,2014-04-04,3,1,Acoustic,Acoustic
525,2014-04-05,1,0,Acoustic,Acoustic
526,2014-04-06,2,0,Acoustic,Acoustic
527,2014-04-07,2,0,Acoustic,Acoustic
528,2014-04-08,1,0,Acoustic,Acoustic
529,2014-04-09,3,1,Acoustic,Acoustic
530,2014-04-10,1,0,Acoustic,Acoustic
531,2014-04-11,1,0,Acoustic,Acoustic
532,2014-04-12,3,1,Acoustic,Acoustic
533,2014-04-13,1,0,Acoustic,Acoustic
534,2014-04-14,1,0,Acoustic,Acoustic
535,2014-04-15,1,0,Acoustic,Acoustic
536,2014-04-16,1,0,Acoustic,Acoustic
537,2014-04-17,2,0,Acoustic,Acoustic
538,2014-04-18,3,1,Acoustic,Acoustic
539,2014-04-19,2,0,Acoustic,Acoustic
540,2014-04-20,1,0,Acoustic,Acoustic
541,2014-04-21,3,1,Acoustic,Acoustic
542,2014-04-22,1,0,Acoustic,Acoustic
543,2014-04-23,1,0,Acoustic,Acoustic
544,2014-04-24,1,0,Acoustic,Acoustic
545,2014-04-25,3,1,Acoustic,Acoustic
546,2014-04-26,1,0,Acoustic,Acoustic
547,2014-04-27,1,0,Acoustic,Acoustic
548,2014-04-28,1,0,Acoustic,Acoustic
549,2014-04-29,1,0,Acoustic,Acoustic
550,2014-04-30,1,0,Acoustic,Acoustic
551,2014-05-01,1,0,Acoustic,Acoustic
552,2014-05-02,1,0,Acoustic,Acoustic
553,2014-05-03,1,0,Acoustic,Acoustic
554,2014-05-04,1,0,Acoustic,Acoustic
555,2014-05-05,1,0,Acoustic,Acoustic
556,2014-05-06,1,0,Acoustic,Acoustic
557,2014-05-07,1,0,Acoustic,Acoustic
558,2014-05-08,1,0,Acoustic,Acoustic
559,2014-05-09,1,0,Acoustic,Acoustic
560,2014-05-10,1,0,Acoustic,Acoustic
561,2014-05-11,1,0,Acoustic,Acoustic
562,2014-05-12,1,0,Acoustic,Acoustic
563,2014-05-13,1,0,Acoustic,Acoustic
564,2014-05-14,1,0,Acoustic,Acoustic
565,2014-05-15,1,0,Acoustic,Acoustic
566,2014-05-16,1,0,Acoustic,Acoustic
567,2014-05-17,1,0,Acoustic,Acoustic
568,2014-05-18,1,0,Acoustic,Acoustic
569,2014-05-19,1,0,Acoustic,Acoustic
570,2014-05-20,1,0,Acoustic,Acoustic
571,2014-05-21,1,0,Acoustic,Acoustic
572,2014-12-22,1,0,Acoustic,
573,2015-01-11,1,0,Acoustic,
574,2015-01-21,1,0,Acoustic,
575,2015-01-23,1,0,Acoustic,
576,2015-02-12,1,0,Acoustic,
577,2015-02-17,1,0,Acoustic,Acoustic
578,2015-02-18,3,1,Acoustic,Acoustic
579,2015-02-19,1,0,Acoustic,Acoustic
580,2015-02-20,1,0,Acoustic,Acoustic
581,2015-02-21,1,0,Acoustic,Acoustic
582,2015-02-22,1,0,Acoustic,Acoustic
583,2015-02-23,1,0,Acoustic,Acoustic
584,2015-02-24,2,0,Acoustic,Acoustic
585,2015-02-25,1,0,Acoustic,Acoustic
586,2015-02-26,1,0,Acoustic,Acoustic
587,2015-02-27,1,0,Acoustic,Acoustic
588,2015-02-28,2,0,Acoustic,Acoustic
589,2015-03-01,1,0,Acoustic,Acoustic
590,2015-03-02,1,0,Acoustic,Acoustic
591,2015-03-03,2,0,Acoustic,Acoustic
592,2015-03-04,1,0,Acoustic,Acoustic
593,2015-03-05,1,0,Acoustic,Acoustic
594,2015-03-06,2,0,Acoustic,Acoustic
595,2015-03-07,2,0,Acoustic,Acoustic
596,2015-03-08,1,0,Acoustic,Acoustic
597,2015-03-09,1,0,Acoustic,Acoustic
598,2015-03-10,2,0,Acoustic,Acoustic
599,2015-03-11,1,0,Acoustic,Acoustic
600,2015-03-12,1,0,Acoustic,Acoustic
601,2015-03-13,1,0,Acoustic,Acoustic
602,2015-03-14,1,0,Acoustic,Acoustic
603,2015-03-15,1,0,Acoustic,Acoustic
604,2015-03-16,1,0,Acoustic,Acoustic
605,2015-03-17,1,0,Acoustic,Acoustic
606,2015-03-18,1,0,Acoustic,Acoustic
607,2015-03-19,1,0,Acoustic,Acoustic
608,2015-03-20,3,1,Acoustic,Acoustic
609,2015-03-21,1,0,Acoustic,Acoustic
610,2015-03-22,1,0,Acoustic,Acoustic
611,2015-03-23,1,0,Acoustic,Acoustic
612,2015-03-24,1,0,Acoustic,Acoustic
613,2015-03-25,1,0,Acoustic,Acoustic
614,2015-03-26,1,0,Acoustic,Acoustic
615,2015-03-27,1,0,Acoustic,Acoustic
616,2015-03-28,1,0,Acoustic,Acoustic
617,2015-03-29,1,0,Acoustic,Acoustic
618,2015-03-30,1,0,Acoustic,Acoustic
619,2015-03-31,1,0,Acoustic,Acoustic
620,2015-04-01,1,0,Acoustic,Acoustic
621,2015-04-02,1,0,Acoustic,Acoustic
622,2015-04-03,1,0,Acoustic,Acoustic
623,2015-04-04,1,0,Acoustic,Acoustic
624,2015-04-05,1,0,Acoustic,Acoustic
625,2015-04-06,3,1,Acoustic,Acoustic
626,2015-04-07,1,0,Acoustic,Acoustic
627,2015-04-08,1,0,Acoustic,Acoustic
628,2015-04-09,1,0,Acoustic,Acoustic
629,2015-04-10,1,0,Acoustic,Acoustic
630,2015-04-11,1,0,Acoustic,Acoustic
631,2015-04-12,2,0,Acoustic,Acoustic
632,2015-04-13,1,0,Acoustic,Acoustic
633,2015-04-14,1,0,Acoustic,Acoustic
634,2015-04-15,3,1,Acoustic,Acoustic
635,2015-04-16,2,0,Acoustic,Acoustic
636,2015-04-17,1,0,Acoustic,Acoustic
637,2015-04-18,3,1,Acoustic,Acoustic
638,2015-04-19,2,0,Acoustic,Acoustic
639,2015-04-20,1,0,Acoustic,Acoustic
640,2015-04-21,2,0,Acoustic,Acoustic
641,2015-04-22,2,0,Acoustic,Acoustic
642,2015-04-23,1,0,Acoustic,Acoustic
643,2015-04-24,1,0,Acoustic,Acoustic
644,2015-04-25,2,0,Acoustic,Acoustic
645,2015-04-26,2,0,Acoustic,Acoustic
646,2015-04-27,3,1,Acoustic,Acoustic
647,2015-04-28,1,0,Acoustic,Acoustic
648,2015-04-29,2,0,Acoustic,Acoustic
649,2015-04-30,2,0,Acoustic,Acoustic
650,2015-05-01,2,0,Acoustic,Acoustic
651,2015-05-02,2,0,Acoustic,Acoustic
652,2015-05-03,2,0,Acoustic,Acoustic
653,2015-05-04,2,0,Acoustic,Acoustic
654,2015-05-05,1,0,Acoustic,Acoustic
655,2015-05-06,3,1,Acoustic,Acoustic
656,2015-05-07,2,0,Acoustic,Acoustic
657,2015-05-08,3,1,Acoustic,Acoustic
658,2015-05-09,2,0,Acoustic,Acoustic
659,2015-05-10,1,0,Acoustic,Acoustic
660,2015-05-11,2,0,Acoustic,Acoustic
661,2015-05-12,1,0,Acoustic,Acoustic
662,2015-05-13,1,0,Acoustic,Acoustic
663,2015-05-14,1,0,Acoustic,Acoustic
664,2015-05-15,1,0,Acoustic,Acoustic
665,2015-05-16,1,0,Acoustic,Acoustic
666,2015-05-17,1,0,Acoustic,Acoustic
667,2015-05-18,1,0,Acoustic,Acoustic
668,2015-05-19,1,0,Acoustic,Acoustic
669,2015-05-20,1,0,Acoustic,Acoustic
670,2015-05-21,1,0,Acoustic,Acoustic
671,2015-07-23,1,0,Acoustic,
672,2015-08-29,1,0,Acoustic,
673,2015-08-30,1,0,Acoustic,
674,2015-09-02,1,0,Acoustic,
675,2016-01-07,1,0,Acoustic,
676,2016-01-15,1,0,Acoustic,
677,2016-01-30,1,0,Acoustic,
678,2016-02-07,1,0,Acoustic,
679,2016-02-12,1,0,Acoustic,
680,2016-02-15,1,0,Acoustic,Acoustic
681,2016-02-16,1,0,Acoustic,Acoustic
682,2016-02-17,2,0,Acoustic,Acoustic
683,2016-02-18,1,0,Acoustic,Acoustic
684,2016-02-19,2,0,Acoustic,Acoustic
685,2016-02-20,1,0,Acoustic,Acoustic
686,2016-02-21,2,0,Acoustic,Acoustic
687,2016-02-22,1,0,Acoustic,Acoustic
688,2016-02-23,1,0,Acoustic,Acoustic
689,2016-02-24,1,0,Acoustic,Acoustic
690,2016-02-25,1,0,Acoustic,Acoustic
691,2016-02-26,1,0,Acoustic,Acoustic
692,2016-02-27,2,0,Acoustic,Acoustic
693,2016-02-28,1,0,Acoustic,Acoustic
694,2016-02-29,1,0,Acoustic,Acoustic
695,2016-03-01,2,0,Acoustic,Acoustic
696,2016-03-02,1,0,Acoustic,Acoustic
697,2016-03-03,1,0,Acoustic,Acoustic
698,2016-03-04,2,0,Acoustic,Acoustic
699,2016-03-05,1,0,Acoustic,Acoustic
700,2016-03-06,2,0,Acoustic,Acoustic
701,2016-03-07,1,0,Acoustic,Acoustic
702,2016-03-08,3,1,Acoustic,Acoustic
703,2016-03-09,1,0,Acoustic,Acoustic
704,2016-03-10,2,0,Acoustic,Acoustic
705,2016-03-11,1,0,Acoustic,Acoustic
706,2016-03-12,1,0,Acoustic,Acoustic
707,2016-03-13,1,0,Acoustic,Acoustic
708,2016-03-14,1,0,Acoustic,Acoustic
709,2016-03-15,1,0,Acoustic,Acoustic
710,2016-03-16,1,0,Acoustic,Acoustic
711,2016-03-17,2,0,Acoustic,Acoustic
712,2016-03-18,1,0,Acoustic,Acoustic
713,2016-03-19,2,0,Acoustic,Acoustic
714,2016-03-20,1,0,Acoustic,Acoustic
715,2016-03-21,1,0,Acoustic,Acoustic
716,2016-03-22,1,0,Acoustic,Acoustic
717,2016-03-23,2,0,Acoustic,Acoustic
718,2016-03-24,1,0,Acoustic,Acoustic
719,2016-03-25,1,0,Acoustic,Acoustic
720,2016-03-26,1,0,Acoustic,Acoustic
721,2016-03-27,2,0,Acoustic,Acoustic
722,2016-03-28,1,0,Acoustic,Acoustic
723,2016-03-29,1,0,Acoustic,Acoustic
724,2016-03-30,3,1,Acoustic,Acoustic
725,2016-03-31,1,0,Acoustic,Acoustic
726,2016-04-01,2,0,Acoustic,Acoustic
727,2016-04-02,2,0,Acoustic,Acoustic
728,2016-04-03,1,0,Acoustic,Acoustic
729,2016-04-04,1,0,Acoustic,Acoustic
730,2016-04-05,1,0,Acoustic,Acoustic
731,2016-04-06,3,1,Acoustic,Acoustic
732,2016-04-07,1,0,Acoustic,Acoustic
733,2016-04-08,1,0,Acoustic,Acoustic
734,2016-04-09,3,1,Acoustic,Acoustic
735,2016-04-10,1,0,Acoustic,Acoustic
736,2016-04-11,1,0,Acoustic,Acoustic
737,2016-04-12,1,0,Acoustic,Acoustic
738,2016-04-13,2,0,Acoustic,Acoustic
739,2016-04-14,1,0,Acoustic,Acoustic
740,2016-04-15,1,0,Acoustic,Acoustic
741,2016-04-16,1,0,Acoustic,Acoustic
742,2016-04-17,2,0,Acoustic,Acoustic
743,2016-04-18,3,1,Acoustic,Acoustic
744,2016-04-19,2,0,Acoustic,Acoustic
745,2016-04-20,1,0,Acoustic,Acoustic
746,2016-04-21,2,0,Acoustic,Acoustic
747,2016-04-22,2,0,Acoustic,Acoustic
748,2016-04-23,1,0,Acoustic,Acoustic
749,2016-04-24,1,0,Acoustic,Acoustic
750,2016-04-25,3,1,Acoustic,Acoustic
751,2016-04-26,1,0,Acoustic,Acoustic
752,2016-04-27,3,1,Acoustic,Acoustic
753,2016-04-28,2,0,Acoustic,Acoustic
754,2016-04-29,3,1,Acoustic,Acoustic
755,2016-04-30,2,0,Acoustic,Acoustic
756,2016-05-01,1,0,Acoustic,Acoustic
757,2016-05-02,1,0,Acoustic,Acoustic
758,2016-05-03,1,0,Acoustic,Acoustic
759,2016-05-04,1,0,Acoustic,Acoustic
760,2016-05-05,1,0,Acoustic,Acoustic
761,2016-05-06,1,0,Acoustic,Acoustic
762,2016-05-07,1,0,Acoustic,Acoustic
763,2016-05-08,1,0,Acoustic,Acoustic
764,2016-05-09,1,0,Acoustic,Acoustic
765,2016-05-10,1,0,Acoustic,Acoustic
766,2016-05-11,1,0,Acoustic,Acoustic
767,2016-05-12,1,0,Acoustic,Acoustic
768,2016-05-13,1,0,Acoustic,Acoustic
769,2016-05-14,1,0,Acoustic,Acoustic
770,2016-05-15,1,0,Acoustic,Acoustic
771,2016-05-16,1,0,Acoustic,Acoustic
772,2016-05-17,1,0,Acoustic,Acoustic
773,2016-05-18,1,0,Acoustic,Acoustic
774,2016-05-19,1,0,Acoustic,Acoustic
775,2016-05-20,1,0,Acoustic,Acoustic
776,2016-05-21,1,0,Acoustic,Acoustic
777,2016-05-22,1,0,Acoustic,Acoustic
778,2016-05-23,1,0,Acoustic,Acoustic
779,2016-05-24,1,0,Acoustic,Acoustic
780,2016-05-25,1,0,Acoustic,Acoustic
781,2017-01-17,1,0,Acoustic,
782,2017-01-19,1,0,Acoustic,
783,2017-01-30,1,0,Acoustic,
784,2017-02-03,1,0,Acoustic,
785,2017-02-14,1,0,Acoustic,
786,2017-02-19,1,0,Acoustic,
787,2017-02-21,2,0,Acoustic,Acoustic
788,2017-02-22,1,0,Acoustic,Acoustic
789,2017-02-23,2,0,Acoustic,Acoustic
790,2017-02-24,2,0,Acoustic,Acoustic
791,2017-02-25,1,0,Acoustic,Acoustic
792,2017-02-26,1,0,Acoustic,Acoustic
793,2017-02-27,1,0,Acoustic,Acoustic
794,2017-02-28,3,1,Acoustic,Acoustic
795,2017-03-01,1,0,Acoustic,Acoustic
796,2017-03-02,1,0,Acoustic,Acoustic
797,2017-03-03,1,0,Acoustic,Acoustic
798,2017-03-04,1,0,Acoustic,Acoustic
799,2017-03-05,1,0,Acoustic,Acoustic
800,2017-03-06,2,0,Acoustic,Acoustic
801,2017-03-07,1,0,Acoustic,Acoustic
802,2017-03-08,1,0,Acoustic,Acoustic
803,2017-03-09,1,0,Acoustic,Acoustic
804,2017-03-10,1,0,Acoustic,Acoustic
805,2017-03-11,1,0,Acoustic,Acoustic
806,2017-03-12,1,0,Acoustic,Acoustic
807,2017-03-13,1,0,Acoustic,Acoustic
808,2017-03-14,2,0,Acoustic,Acoustic
809,2017-03-15,1,0,Acoustic,Acoustic
810,2017-03-16,1,0,Acoustic,Acoustic
811,2017-03-17,1,0,Acoustic,Acoustic
812,2017-03-18,3,1,Acoustic,Acoustic
813,2017-03-19,1,0,Acoustic,Acoustic
814,2017-03-20,1,0,Acoustic,Acoustic
815,2017-03-21,2,0,Acoustic,Acoustic
816,2017-03-22,1,0,Acoustic,Acoustic
817,2017-03-23,1,0,Acoustic,Acoustic
818,2017-03-24,1,0,Acoustic,Acoustic
819,2017-03-25,2,0,Acoustic,Acoustic
820,2017-03-26,1,0,Acoustic,Acoustic
821,2017-03-27,1,0,Acoustic,Acoustic
822,2017-03-28,2,0,Acoustic,Acoustic
823,2017-03-29,1,0,Acoustic,Acoustic
824,2017-03-30,1,0,Acoustic,Acoustic
825,2017-03-31,3,1,Acoustic,Acoustic
826,2017-04-01,1,0,Acoustic,Acoustic
827,2017-04-02,1,0,Acoustic,Acoustic
828,2017-04-03,3,1,Acoustic,Acoustic
829,2017-04-04,1,0,Acoustic,Acoustic
830,2017-04-05,1,0,Acoustic,Acoustic
831,2017-04-06,1,0,Acoustic,Acoustic
832,2017-04-07,1,0,Acoustic,Acoustic
833,2017-04-08,1,0,Acoustic,Acoustic
834,2017-04-09,3,1,Acoustic,Acoustic
835,2017-04-10,1,0,Acoustic,Acoustic
836,2017-04-11,2,0,Acoustic,Acoustic
837,2017-04-12,3,1,Acoustic,Acoustic
838,2017-04-13,2,0,Acoustic,Acoustic
839,2017-04-14,3,1,Acoustic,Acoustic
840,2017-04-15,2,0,Acoustic,Acoustic
841,2017-04-16,1,0,Acoustic,Acoustic
842,2017-04-17,2,0,Acoustic,Acoustic
843,2017-04-18,3,1,Acoustic,Acoustic
844,2017-04-19,2,0,Acoustic,Acoustic
845,2017-04-20,2,0,Acoustic,Acoustic
846,2017-04-21,1,0,Acoustic,Acoustic
847,2017-04-22,1,0,Acoustic,Acoustic
848,2017-04-23,2,0,Acoustic,Acoustic
849,2017-04-24,2,0,Acoustic,Acoustic
850,2017-04-25,1,0,Acoustic,Acoustic
851,2017-04-26,1,0,Acoustic,Acoustic
852,2017-04-27,2,0,Acoustic,Acoustic
853,2017-04-28,1,0,Acoustic,Acoustic
854,2017-04-29,1,0,Acoustic,Acoustic
855,2017-04-30,2,0,Acoustic,Acoustic
856,2017-05-01,2,0,Acoustic,Acoustic
857,2017-05-02,1,0,Acoustic,Acoustic
858,2017-05-03,1,0,Acoustic,Acoustic
859,2017-05-04,3,1,Acoustic,Acoustic
860,2017-05-05,1,0,Acoustic,Acoustic
861,2017-05-06,1,0,Acoustic,Acoustic
862,2017-05-07,1,0,Acoustic,Acoustic
863,2017-05-08,1,0,Acoustic,Acoustic
864,2017-05-09,2,0,Acoustic,Acoustic
865,2017-05-10,1,0,Acoustic,Acoustic
866,2017-05-11,1,0,Acoustic,Acoustic
867,2017-05-12,1,0,Acoustic,Acoustic
868,2017-05-13,1,0,Acoustic,Acoustic
869,2017-05-14,1,0,Acoustic,Acoustic
870,2017-05-15,1,0,Acoustic,Acoustic
871,2017-05-16,1,0,Acoustic,Acoustic
872,2017-12-24,1,0,Acoustic,
873,2018-01-16,1,0,Acoustic,
874,2018-01-19,1,0,Acoustic,
875,2018-02-06,1,0,Acoustic,
876,2018-02-13,2,0,Acoustic,Acoustic
877,2018-02-14,1,0,Acoustic,Acoustic
878,2018-02-15,2,0,Acoustic,Acoustic
879,2018-02-16,1,0,Acoustic,Acoustic
880,2018-02-17,2,0,Acoustic,Acoustic
881,2018-02-18,1,0,Acoustic,Acoustic
882,2018-02-19,1,0,Acoustic,Acoustic
883,2018-02-20,1,0,Acoustic,Acoustic
884,2018-02-21,1,0,Acoustic,Acoustic
885,2018-02-22,1,0,Acoustic,Acoustic
886,2018-02-23,1,0,Acoustic,Acoustic
887,2018-02-24,3,1,Acoustic,Acoustic
888,2018-02-25,1,0,Acoustic,Acoustic
889,2018-02-26,1,0,Acoustic,Acoustic
890,2018-02-27,2,0,Acoustic,Acoustic
891,2018-02-28,1,0,Acoustic,Acoustic
892,2018-03-01,2,0,Acoustic,Acoustic
893,2018-03-02,1,0,Acoustic,Acoustic
894,2018-03-03,1,0,Acoustic,Acoustic
895,2018-03-04,1,0,Acoustic,Acoustic
896,2018-03-05,1,0,Acoustic,Acoustic
897,2018-03-06,1,0,Acoustic,Acoustic
898,2018-03-07,1,0,Acoustic,Acoustic
899,2018-03-08,1,0,Acoustic,Acoustic
900,2018-03-09,1,0,Acoustic,Acoustic
901,2018-03-10,1,0,Acoustic,Acoustic
902,2018-03-11,1,0,Acoustic,Acoustic
903,2018-03-12,3,1,Acoustic,Acoustic
904,2018-03-13,1,0,Acoustic,Acoustic
905,2018-03-14,1,0,Acoustic,Acoustic
906,2018-03-15,1,0,Acoustic,Acoustic
907,2018-03-16,1,0,Acoustic,Acoustic
908,2018-03-17,1,0,Acoustic,Acoustic
909,2018-03-18,1,0,Acoustic,Acoustic
910,2018-03-19,1,0,Acoustic,Acoustic
911,2018-03-20,3,1,Acoustic,Acoustic
912,2018-03-21,1,0,Acoustic,Acoustic
913,2018-03-22,1,0,Acoustic,Acoustic
914,2018-03-23,1,0,Acoustic,Acoustic
915,2018-03-24,2,0,Acoustic,Acoustic
916,2018-03-25,1,0,Acoustic,Acoustic
917,2018-03-26,1,0,Acoustic,Acoustic
918,2018-03-27,1,0,Acoustic,Acoustic
919,2018-03-28,3,1,Acoustic,Acoustic
920,2018-03-29,2,0,Acoustic,Acoustic
921,2018-03-30,1,0,Acoustic,Acoustic
922,2018-03-31,1,0,Acoustic,Acoustic
923,2018-04-01,1,0,Acoustic,Acoustic
924,2018-04-02,2,0,Acoustic,Acoustic
925,2018-04-03,2,0,Acoustic,Acoustic
926,2018-04-04,1,0,Acoustic,Acoustic
927,2018-04-05,1,0,Acoustic,Acoustic
928,2018-04-06,1,0,Acoustic,Acoustic
929,2018-04-07,1,0,Acoustic,Acoustic
930,2018-04-08,1,0,Acoustic,Acoustic
931,2018-04-09,1,0,Acoustic,Acoustic
932,2018-04-10,2,0,Acoustic,Acoustic
933,2018-04-11,3,1,Acoustic,Acoustic
934,2018-04-12,1,0,Acoustic,Acoustic
935,2018-04-13,3,1,Acoustic,Acoustic
936,2018-04-14,1,0,Acoustic,Acoustic
937,2018-04-15,1,0,Acoustic,Acoustic
938,2018-04-16,1,0,Acoustic,Acoustic
939,2018-04-17,1,0,Acoustic,Acoustic
940,2018-04-18,1,0,Acoustic,Acoustic
941,2018-04-19,1,0,Acoustic,Acoustic
942,2018-04-20,1,0,Acoustic,Acoustic
943,2018-04-21,2,0,Acoustic,Acoustic
944,2018-04-22,3,1,Acoustic,Acoustic
945,2018-04-23,2,0,Acoustic,Acoustic
946,2018-04-24,1,0,Acoustic,Acoustic
947,2018-04-25,1,0,Acoustic,Acoustic
948,2018-04-26,2,0,Acoustic,Acoustic
949,2018-04-27,3,1,Acoustic,Acoustic
950,2018-04-28,2,0,Acoustic,Acoustic
951,2018-04-29,1,0,Acoustic,Acoustic
952,2018-04-30,3,1,Acoustic,Acoustic
953,2018-05-01,2,0,Acoustic,Acoustic
954,2018-05-02,1,0,Acoustic,Acoustic
955,2018-05-03,2,0,Acoustic,Acoustic
956,2018-05-04,2,0,Acoustic,Acoustic
957,2018-05-05,2,0,Acoustic,Acoustic
958,2018-05-06,3,1,Acoustic,Acoustic
959,2018-05-07,2,0,Acoustic,Acoustic
960,2018-05-08,2,0,Acoustic,Acoustic
961,2018-05-09,2,0,Acoustic,Acoustic
962,2018-05-10,1,0,Acoustic,Acoustic
963,2018-05-11,1,0,Acoustic,Acoustic
964,2018-05-12,1,0,Acoustic,Acoustic
965,2018-05-13,2,0,Acoustic,Acoustic
966,2018-05-14,1,0,Acoustic,Acoustic
967,2018-05-15,1,0,Acoustic,Acoustic
968,2018-05-16,1,0,Acoustic,Acoustic
969,2018-05-17,1,0,Acoustic,Acoustic
970,2018-05-18,1,0,Acoustic,Acoustic
971,2018-05-19,1,0,Acoustic,Acoustic
972,2018-05-20,1,0,Acoustic,Acoustic
973,2018-05-21,1,0,Acoustic,Acoustic
974,2018-05-22,1,0,Acoustic,Acoustic
975,2018-05-23,1,0,Acoustic,Acoustic
976,2018-05-24,1,0,Acoustic,Acoustic
977,2018-05-25,1,0,Acoustic,Acoustic
978,2018-05-26,1,0,Acoustic,Acoustic
979,2018-05-27,1,0,Acoustic,Acoustic
980,2018-05-28,1,0,Acoustic,Acoustic
981,2018-05-29,1,0,Acoustic,Acoustic
982,2018-05-30,1,0,Acoustic,Acoustic
983,2018-12-11,1,0,Acoustic,
984,2018-12-14,1,0,Acoustic,
985,2018-12-19,1,0,Acoustic,
986,2018-12-30,1,0,Acoustic,
987,2008-01-12,1,0,Whale,Whale
988,2008-01-29,1,0,Whale,Whale
989,2008-02-03,1,0,Whale,Whale
990,2008-02-04,1,0,Whale,Whale
991,2008-02-21,1,0,Whale,Whale
992,2008-02-23,1,0,Whale,
993,2008-02-24,1,0,Whale,
994,2008-02-25,2,0,Whale,Whale
995,2008-02-26,1,0,Whale,
996,2008-02-27,1,0,Whale,
997,2008-02-28,1,0,Whale,
998,2008-02-29,2,0,Whale,Whale
999,2008-03-01,1,0,Whale,
1000,2008-03-02,1,0,Whale,
1001,2008-03-03,1,0,Whale,
1002,2008-03-04,1,0,Whale,
1003,2008-03-05,1,0,Whale,
1004,2008-03-06,2,0,Whale,Whale
1005,2008-03-07,2,0,Whale,Whale
1006,2008-03-08,1,0,Whale,
1007,2008-03-09,1,0,Whale,
1008,2008-03-10,1,0,Whale,
1009,2008-03-11,2,0,Whale,Whale
1010,2008-03-12,1,0,Whale,
1011,2008-03-13,1,0,Whale,
1012,2008-03-14,2,0,Whale,Whale
1013,2008-03-15,1,0,Whale,
1014,2008-03-16,1,0,Whale,
1015,2008-03-17,1,0,Whale,
1016,2008-03-18,2,0,Whale,Whale
1017,2008-03-19,1,0,Whale,
1018,2008-03-20,1,0,Whale,
1019,2008-03-21,1,0,Whale,
1020,2008-03-22,1,0,Whale,
1021,2008-03-23,1,0,Whale,
1022,2008-03-24,2,0,Whale,Whale
1023,2008-03-25,1,0,Whale,
1024,2008-03-26,1,0,Whale,
1025,2008-03-27,2,0,Whale,Whale
1026,2008-03-28,1,0,Whale,
1027,2008-03-29,1,0,Whale,
1028,2008-03-30,1,0,Whale,
1029,2008-03-31,1,0,Whale,
1030,2008-04-01,1,0,Whale,
1031,2008-04-02,1,0,Whale,
1032,2008-04-03,1,0,Whale,
1033,2008-04-04,1,0,Whale,
1034,2008-04-05,1,0,Whale,
1035,2008-04-06,1,0,Whale,
1036,2008-04-07,1,0,Whale,
1037,2008-04-08,2,0,Whale,Whale
1038,2008-04-09,2,0,Whale,Whale
1039,2008-04-10,2,0,Whale,Whale
1040,2008-04-11,2,0,Whale,Whale
1041,2008-04-12,1,0,Whale,
1042,2008-04-13,1,0,Whale,
1043,2008-04-14,2,0,Whale,Whale
1044,2008-04-15,2,0,Whale,Whale
1045,2008-04-16,1,0,Whale,
1046,2008-04-17,1,0,Whale,
1047,2008-04-18,1,0,Whale,
1048,2008-04-19,2,0,Whale,Whale
1049,2008-04-20,2,0,Whale,Whale
1050,2008-04-21,2,0,Whale,Whale
1051,2008-04-22,1,0,Whale,
1052,2008-04-23,2,0,Whale,Whale
1053,2008-04-24,1,0,Whale,
1054,2008-04-25,2,0,Whale,Whale
1055,2008-04-26,2,0,Whale,Whale
1056,2008-04-27,2,0,Whale,Whale
1057,2008-04-28,2,0,Whale,Whale
1058,2008-04-29,1,0,Whale,
1059,2008-04-30,1,0,Whale,
1060,2008-05-01,2,0,Whale,Whale
1061,2008-05-02,1,0,Whale,
1062,2008-05-03,1,0,Whale,
1063,2008-05-04,1,0,Whale,
1064,2008-05-05,1,0,Whale,
1065,2008-05-06,1,0,Whale,
1066,2008-05-07,1,0,Whale,
1067,2008-05-08,1,0,Whale,
1068,2008-05-09,1,0,Whale,
1069,2008-05-10,1,0,Whale,
1070,2008-05-11,1,0,Whale,
1071,2008-05-12,1,0,Whale,
1072,2008-05-13,1,0,Whale,
1073,2008-05-14,1,0,Whale,
1074,2008-05-15,2,0,Whale,Whale
1075,2008-05-16,1,0,Whale,
1076,2008-05-17,1,0,Whale,
1077,2008-05-18,1,0,Whale,
1078,2008-05-19,1,0,Whale,
1079,2008-05-20,1,0,Whale,
1080,2009-01-26,1,0,Whale,Whale
1081,2009-01-30,1,0,Whale,Whale
1082,2009-02-02,1,0,Whale,Whale
1083,2009-02-11,1,0,Whale,Whale
1084,2009-02-16,1,0,Whale,Whale
1085,2009-02-17,1,0,Whale,
1086,2009-02-18,2,0,Whale,Whale
1087,2009-02-19,1,0,Whale,
1088,2009-02-20,1,0,Whale,
1089,2009-02-21,1,0,Whale,
1090,2009-02-22,2,0,Whale,Whale
1091,2009-02-23,1,0,Whale,
1092,2009-02-24,1,0,Whale,
1093,2009-02-25,2,0,Whale,Whale
1094,2009-02-26,2,0,Whale,Whale
1095,2009-02-27,1,0,Whale,
1096,2009-02-28,1,0,Whale,
1097,2009-03-01,1,0,Whale,
1098,2009-03-02,1,0,Whale,
1099,2009-03-03,1,0,Whale,
1100,2009-03-04,1,0,Whale,
1101,2009-03-05,1,0,Whale,
1102,2009-03-06,1,0,Whale,
1103,2009-03-07,1,0,Whale,
1104,2009-03-08,1,0,Whale,
1105,2009-03-09,1,0,Whale,
1106,2009-03-10,2,0,Whale,Whale
1107,2009-03-11,1,0,Whale,
1108,2009-03-12,1,0,Whale,
1109,2009-03-13,1,0,Whale,
1110,2009-03-14,2,0,Whale,Whale
1111,2009-03-15,2,0,Whale,Whale
1112,2009-03-16,1,0,Whale,
1113,2009-03-17,2,0,Whale,Whale
1114,2009-03-18,1,0,Whale,
1115,2009-03-19,1,0,Whale,
1116,2009-03-20,1,0,Whale,
1117,2009-03-21,1,0,Whale,
1118,2009-03-22,1,0,Whale,
1119,2009-03-23,1,0,Whale,
1120,2009-03-24,1,0,Whale,
1121,2009-03-25,1,0,Whale,
1122,2009-03-26,2,0,Whale,Whale
1123,2009-03-27,1,0,Whale,
1124,2009-03-28,1,0,Whale,
1125,2009-03-29,1,0,Whale,
1126,2009-03-30,1,0,Whale,
1127,2009-03-31,1,0,Whale,
1128,2009-04-01,2,0,Whale,Whale
1129,2009-04-02,1,0,Whale,
1130,2009-04-03,1,0,Whale,
1131,2009-04-04,1,0,Whale,
1132,2009-04-05,1,0,Whale,
1133,2009-04-06,1,0,Whale,
1134,2009-04-07,1,0,Whale,
1135,2009-04-08,1,0,Whale,
1136,2009-04-09,2,0,Whale,Whale
1137,2009-04-10,2,0,Whale,Whale
1138,2009-04-11,1,0,Whale,
1139,2009-04-12,1,0,Whale,
1140,2009-04-13,1,0,Whale,
1141,2009-04-14,2,0,Whale,Whale
1142,2009-04-15,1,0,Whale,
1143,2009-04-16,1,0,Whale,
1144,2009-04-17,2,0,Whale,Whale
1145,2009-04-18,2,0,Whale,Whale
1146,2009-04-19,1,0,Whale,
1147,2009-04-20,1,0,Whale,
1148,2009-04-21,1,0,Whale,
1149,2009-04-22,1,0,Whale,
1150,2009-04-23,1,0,Whale,
1151,2009-04-24,2,0,Whale,Whale
1152,2009-04-25,2,0,Whale,Whale
1153,2009-04-26,2,0,Whale,Whale
1154,2009-04-27,2,0,Whale,Whale
1155,2009-04-28,1,0,Whale,
1156,2009-04-29,1,0,Whale,
1157,2009-04-30,2,0,Whale,Whale
1158,2009-05-01,1,0,Whale,
1159,2009-05-02,1,0,Whale,
1160,2009-05-03,1,0,Whale,
1161,2009-05-04,2,0,Whale,Whale
1162,2009-05-05,1,0,Whale,
1163,2009-05-06,1,0,Whale,
1164,2009-05-07,1,0,Whale,
1165,2009-05-08,1,0,Whale,
1166,2009-05-09,1,0,Whale,
1167,2009-05-10,1,0,Whale,
1168,2009-05-11,1,0,Whale,
1169,2009-05-12,1,0,Whale,
1170,2009-05-13,1,0,Whale,
1171,2009-05-14,1,0,Whale,
1172,2009-05-15,1,0,Whale,
1173,2009-05-16,1,0,Whale,
1174,2009-09-26,1,0,Whale,Whale
1175,2010-01-28,1,0,Whale,Whale
1176,2010-02-02,1,0,Whale,Whale
1177,2010-02-03,1,0,Whale,Whale
1178,2010-02-13,1,0,Whale,Whale
1179,2010-02-22,1,0,Whale,Whale
1180,2010-02-28,1,0,Whale,Whale
1181,2010-03-02,1,0,Whale,Whale
1182,2010-03-07,1,0,Whale,Whale
1183,2010-03-08,1,0,Whale,
1184,2010-03-09,1,0,Whale,
1185,2010-03-10,1,0,Whale,
1186,2010-03-11,1,0,Whale,
1187,2010-03-12,2,0,Whale,Whale
1188,2010-03-13,1,0,Whale,
1189,2010-03-14,1,0,Whale,
1190,2010-03-15,1,0,Whale,
1191,2010-03-16,1,0,Whale,
1192,2010-03-17,2,0,Whale,Whale
1193,2010-03-18,1,0,Whale,
1194,2010-03-19,2,0,Whale,Whale
1195,2010-03-20,1,0,Whale,
1196,2010-03-21,2,0,Whale,Whale
1197,2010-03-22,1,0,Whale,
1198,2010-03-23,1,0,Whale,
1199,2010-03-24,1,0,Whale,
1200,2010-03-25,2,0,Whale,Whale
1201,2010-03-26,1,0,Whale,
1202,2010-03-27,1,0,Whale,
1203,2010-03-28,2,0,Whale,Whale
1204,2010-03-29,1,0,Whale,
1205,2010-03-30,1,0,Whale,
1206,2010-03-31,1,0,Whale,
1207,2010-04-01,2,0,Whale,Whale
1208,2010-04-02,2,0,Whale,Whale
1209,2010-04-03,2,0,Whale,Whale
1210,2010-04-04,2,0,Whale,Whale
1211,2010-04-05,2,0,Whale,Whale
1212,2010-04-06,2,0,Whale,Whale
1213,2010-04-07,1,0,Whale,
1214,2010-04-08,2,0,Whale,Whale
1215,2010-04-09,1,0,Whale,
1216,2010-04-10,2,0,Whale,Whale
1217,2010-04-11,1,0,Whale,
1218,2010-04-12,2,0,Whale,Whale
1219,2010-04-13,2,0,Whale,Whale
1220,2010-04-14,2,0,Whale,Whale
1221,2010-04-15,1,0,Whale,
1222,2010-04-16,1,0,Whale,
1223,2010-04-17,1,0,Whale,
1224,2010-04-18,2,0,Whale,Whale
1225,2010-04-19,1,0,Whale,
1226,2010-04-20,2,0,Whale,Whale
1227,2010-04-21,1,0,Whale,
1228,2010-04-22,1,0,Whale,
1229,2010-04-23,1,0,Whale,
1230,2010-04-24,1,0,Whale,
1231,2010-04-25,1,0,Whale,
1232,2010-04-26,1,0,Whale,
1233,2010-04-27,1,0,Whale,
1234,2010-04-28,1,0,Whale,
1235,2010-04-29,1,0,Whale,
1236,2010-04-30,1,0,Whale,
1237,2010-05-01,1,0,Whale,
1238,2010-05-02,1,0,Whale,
1239,2010-05-03,1,0,Whale,
1240,2010-05-04,1,0,Whale,
1241,2010-05-05,1,0,Whale,
1242,2011-01-06,1,0,Whale,Whale
1243,2011-01-17,1,0,Whale,Whale
1244,2011-01-22,1,0,Whale,Whale
1245,2011-01-28,1,0,Whale,Whale
1246,2011-01-29,1,0,Whale,Whale
1247,2011-02-07,1,0,Whale,Whale
1248,2011-02-17,3,1,Whale,Whale
1249,2011-02-18,1,0,Whale,
1250,2011-02-19,1,0,Whale,
1251,2011-02-20,1,0,Whale,
1252,2011-02-21,1,0,Whale,
1253,2011-02-22,1,0,Whale,
1254,2011-02-23,1,0,Whale,
1255,2011-02-24,3,1,Whale,Whale
1256,2011-02-25,1,0,Whale,
1257,2011-02-26,1,0,Whale,
1258,2011-02-27,1,0,Whale,
1259,2011-02-28,1,0,Whale,
1260,2011-03-01,1,0,Whale,
1261,2011-03-02,1,0,Whale,
1262,2011-03-03,1,0,Whale,
1263,2011-03-04,2,0,Whale,Whale
1264,2011-03-05,1,0,Whale,
1265,2011-03-06,1,0,Whale,
1266,2011-03-07,1,0,Whale,
1267,2011-03-08,2,0,Whale,Whale
1268,2011-03-09,1,0,Whale,
1269,2011-03-10,1,0,Whale,
1270,2011-03-11,1,0,Whale,
1271,2011-03-12,1,0,Whale,
1272,2011-03-13,2,0,Whale,Whale
1273,2011-03-14,1,0,Whale,
1274,2011-03-15,1,0,Whale,
1275,2011-03-16,1,0,Whale,
1276,2011-03-17,3,1,Whale,Whale
1277,2011-03-18,1,0,Whale,
1278,2011-03-19,1,0,Whale,
1279,2011-03-20,2,0,Whale,Whale
1280,2011-03-21,1,0,Whale,
1281,2011-03-22,1,0,Whale,
1282,2011-03-23,2,0,Whale,Whale
1283,2011-03-24,1,0,Whale,
1284,2011-03-25,1,0,Whale,
1285,2011-03-26,2,0,Whale,Whale
1286,2011-03-27,1,0,Whale,
1287,2011-03-28,1,0,Whale,
1288,2011-03-29,1,0,Whale,
1289,2011-03-30,2,0,Whale,Whale
1290,2011-03-31,1,0,Whale,
1291,2011-04-01,1,0,Whale,
1292,2011-04-02,1,0,Whale,
1293,2011-04-03,1,0,Whale,
1294,2011-04-04,1,0,Whale,
1295,2011-04-05,1,0,Whale,
1296,2011-04-06,1,0,Whale,
1297,2011-04-07,2,0,Whale,Whale
1298,2011-04-08,2,0,Whale,Whale
1299,2011-04-09,1,0,Whale,
1300,2011-04-10,1,0,Whale,
1301,2011-04-11,1,0,Whale,
1302,2011-04-12,1,0,Whale,
1303,2011-04-13,1,0,Whale,
1304,2011-04-14,2,0,Whale,Whale
1305,2011-04-15,2,0,Whale,Whale
1306,2011-04-16,1,0,Whale,
1307,2011-04-17,1,0,Whale,
1308,2011-04-18,1,0,Whale,
1309,2011-04-19,3,1,Whale,Whale
1310,2011-04-20,1,0,Whale,
1311,2011-04-21,1,0,Whale,
1312,2011-04-22,2,0,Whale,Whale
1313,2011-04-23,1,0,Whale,
1314,2011-04-24,2,0,Whale,Whale
1315,2011-04-25,3,1,Whale,Whale
1316,2011-04-26,1,0,Whale,
1317,2011-04-27,2,0,Whale,Whale
1318,2011-04-28,1,0,Whale,
1319,2011-04-29,3,1,Whale,Whale
1320,2011-04-30,2,0,Whale,Whale
1321,2011-05-01,1,0,Whale,
1322,2011-05-02,2,0,Whale,Whale
1323,2011-05-03,2,0,Whale,Whale
1324,2011-05-04,1,0,Whale,
1325,2011-05-05,1,0,Whale,
1326,2011-05-06,1,0,Whale,
1327,2011-05-07,1,0,Whale,
1328,2011-05-08,1,0,Whale,
1329,2011-11-30,1,0,Whale,Whale
1330,2011-12-03,1,0,Whale,Whale
1331,2012-01-07,1,0,Whale,Whale
1332,2012-01-16,1,0,Whale,Whale
1333,2012-01-23,1,0,Whale,Whale
1334,2012-01-26,2,0,Whale,Whale
1335,2012-02-02,1,0,Whale,Whale
1336,2012-02-05,1,0,Whale,Whale
1337,2012-02-09,2,0,Whale,Whale
1338,2012-02-15,2,0,Whale,Whale
1339,2012-02-16,1,0,Whale,Whale
1340,2012-02-27,2,0,Whale,Whale
1341,2012-02-29,2,0,Whale,Whale
1342,2012-03-04,1,0,Whale,Whale
1343,2012-03-12,1,0,Whale,Whale
1344,2012-03-16,1,0,Whale,Whale
1345,2012-03-17,1,0,Whale,Whale
1346,2012-03-18,1,0,Whale,Whale
1347,2012-03-19,1,0,Whale,Whale
1348,2012-03-20,1,0,Whale,Whale
1349,2012-03-21,1,0,Whale,Whale
1350,2012-03-23,2,0,Whale,Whale
1351,2012-03-31,1,0,Whale,Whale
1352,2012-04-01,2,0,Whale,Whale
1353,2012-04-06,1,0,Whale,Whale
1354,2012-04-13,2,0,Whale,Whale
1355,2012-04-17,2,0,Whale,Whale
1356,2012-04-19,1,0,Whale,Whale
1357,2012-08-16,1,0,Whale,Whale
1358,2012-11-18,1,0,Whale,Whale
1359,2012-12-12,1,0,Whale,Whale
1360,2012-12-13,1,0,Whale,Whale
1361,2012-12-29,1,0,Whale,Whale
1362,2013-01-06,1,0,Whale,Whale
1363,2013-01-11,1,0,Whale,Whale
1364,2013-01-12,1,0,Whale,Whale
1365,2013-01-17,1,0,Whale,Whale
1366,2013-01-21,1,0,Whale,Whale
1367,2013-01-28,3,1,Whale,Whale
1368,2013-01-29,1,0,Whale,
1369,2013-01-30,1,0,Whale,
1370,2013-01-31,1,0,Whale,
1371,2013-02-01,1,0,Whale,
1372,2013-02-02,1,0,Whale,
1373,2013-02-03,1,0,Whale,
1374,2013-02-04,1,0,Whale,
1375,2013-02-05,2,0,Whale,Whale
1376,2013-02-06,2,0,Whale,Whale
1377,2013-02-07,1,0,Whale,
1378,2013-02-08,1,0,Whale,
1379,2013-02-09,1,0,Whale,
1380,2013-02-10,1,0,Whale,
1381,2013-02-11,1,0,Whale,
1382,2013-02-12,1,0,Whale,
1383,2013-02-13,2,0,Whale,Whale
1384,2013-02-14,1,0,Whale,
1385,2013-02-15,1,0,Whale,
1386,2013-02-16,1,0,Whale,
1387,2013-02-17,1,0,Whale,
1388,2013-02-18,1,0,Whale,
1389,2013-02-19,2,0,Whale,Whale
1390,2013-02-20,1,0,Whale,
1391,2013-02-21,1,0,Whale,
1392,2013-02-22,1,0,Whale,
1393,2013-02-23,2,0,Whale,Whale
1394,2013-02-24,1,0,Whale,
1395,2013-02-25,1,0,Whale,
1396,2013-02-26,2,0,Whale,Whale
1397,2013-02-27,1,0,Whale,
1398,2013-02-28,1,0,Whale,
1399,2013-03-01,1,0,Whale,
1400,2013-03-02,1,0,Whale,
1401,2013-03-03,1,0,Whale,
1402,2013-03-04,1,0,Whale,
1403,2013-03-05,1,0,Whale,
1404,2013-03-06,1,0,Whale,
1405,2013-03-07,1,0,Whale,
1406,2013-03-08,1,0,Whale,
1407,2013-03-09,1,0,Whale,
1408,2013-03-10,1,0,Whale,
1409,2013-03-11,3,1,Whale,Whale
1410,2013-03-12,1,0,Whale,
1411,2013-03-13,2,0,Whale,Whale
1412,2013-03-14,1,0,Whale,
1413,2013-03-15,1,0,Whale,
1414,2013-03-16,1,0,Whale,
1415,2013-03-17,1,0,Whale,
1416,2013-03-18,3,1,Whale,Whale
1417,2013-03-19,1,0,Whale,
1418,2013-03-20,1,0,Whale,
1419,2013-03-21,2,0,Whale,Whale
1420,2013-03-22,1,0,Whale,
1421,2013-03-23,1,0,Whale,
1422,2013-03-24,1,0,Whale,
1423,2013-03-25,1,0,Whale,
1424,2013-03-26,1,0,Whale,
1425,2013-03-27,2,0,Whale,Whale
1426,2013-03-28,1,0,Whale,
1427,2013-03-29,2,0,Whale,Whale
1428,2013-03-30,2,0,Whale,Whale
1429,2013-03-31,1,0,Whale,
1430,2013-04-01,1,0,Whale,
1431,2013-04-02,1,0,Whale,
1432,2013-04-03,1,0,Whale,
1433,2013-04-04,2,0,Whale,Whale
1434,2013-04-05,1,0,Whale,
1435,2013-04-06,1,0,Whale,
1436,2013-04-07,1,0,Whale,
1437,2013-04-08,3,1,Whale,Whale
1438,2013-04-09,1,0,Whale,
1439,2013-04-10,2,0,Whale,Whale
1440,2013-04-11,2,0,Whale,Whale
1441,2013-04-12,1,0,Whale,
1442,2013-04-13,2,0,Whale,Whale
1443,2013-04-14,2,0,Whale,Whale
1444,2013-04-15,3,1,Whale,Whale
1445,2013-04-16,1,0,Whale,
1446,2013-04-17,2,0,Whale,Whale
1447,2013-04-18,2,0,Whale,Whale
1448,2013-04-19,1,0,Whale,
1449,2013-04-20,1,0,Whale,
1450,2013-04-21,2,0,Whale,Whale
1451,2013-04-22,1,0,Whale,
1452,2013-04-23,2,0,Whale,Whale
1453,2013-04-24,1,0,Whale,
1454,2013-04-25,1,0,Whale,
1455,2013-04-26,3,1,Whale,Whale
1456,2013-04-27,2,0,Whale,Whale
1457,2013-04-28,2,0,Whale,Whale
1458,2013-04-29,3,1,Whale,Whale
1459,2013-04-30,2,0,Whale,Whale
1460,2013-05-01,3,1,Whale,Whale
1461,2013-05-02,1,0,Whale,
1462,2013-05-03,1,0,Whale,
1463,2013-05-04,1,0,Whale,
1464,2013-05-05,2,0,Whale,
1465,2013-05-06,1,0,Whale,
1466,2013-10-31,1,0,Whale,Whale
1467,2013-12-29,1,0,Whale,Whale
1468,2014-01-05,1,0,Whale,Whale
1469,2014-01-10,1,0,Whale,Whale
1470,2014-01-16,1,0,Whale,Whale
1471,2014-01-17,1,0,Whale,Whale
1472,2014-02-01,1,0,Whale,Whale
1473,2014-02-08,1,0,Whale,Whale
1474,2014-02-12,1,0,Whale,Whale
1475,2014-02-20,1,0,Whale,Whale
1476,2014-02-23,1,0,Whale,Whale
1477,2014-03-01,2,0,Whale,Whale
1478,2014-03-02,1,0,Whale,
1479,2014-03-03,1,0,Whale,
1480,2014-03-04,3,1,Whale,Whale
1481,2014-03-05,1,0,Whale,
1482,2014-03-06,1,0,Whale,
1483,2014-03-07,2,0,Whale,Whale
1484,2014-03-08,2,0,Whale,Whale
1485,2014-03-09,1,0,Whale,
1486,2014-03-10,2,0,Whale,Whale
1487,2014-03-11,1,0,Whale,
1488,2014-03-12,2,0,Whale,Whale
1489,2014-03-13,1,0,Whale,
1490,2014-03-14,2,0,Whale,Whale
1491,2014-03-15,1,0,Whale,
1492,2014-03-16,1,0,Whale,
1493,2014-03-17,2,0,Whale,Whale
1494,2014-03-18,2,0,Whale,Whale
1495,2014-03-19,2,0,Whale,Whale
1496,2014-03-20,1,0,Whale,
1497,2014-03-21,1,0,Whale,
1498,2014-03-22,1,0,Whale,
1499,2014-03-23,2,0,Whale,Whale
1500,2014-03-24,1,0,Whale,
1501,2014-03-25,3,1,Whale,Whale
1502,2014-03-26,1,0,Whale,
1503,2014-03-27,1,0,Whale,
1504,2014-03-28,1,0,Whale,
1505,2014-03-29,1,0,Whale,
1506,2014-03-30,1,0,Whale,
1507,2014-03-31,1,0,Whale,
1508,2014-04-01,1,0,Whale,
1509,2014-04-02,3,1,Whale,Whale
1510,2014-04-03,1,0,Whale,
1511,2014-04-04,3,1,Whale,Whale
1512,2014-04-05,1,0,Whale,
1513,2014-04-06,2,0,Whale,Whale
1514,2014-04-07,2,0,Whale,Whale
1515,2014-04-08,1,0,Whale,
1516,2014-04-09,3,1,Whale,Whale
1517,2014-04-10,1,0,Whale,
1518,2014-04-11,1,0,Whale,
1519,2014-04-12,3,1,Whale,Whale
1520,2014-04-13,1,0,Whale,
1521,2014-04-14,1,0,Whale,
1522,2014-04-15,1,0,Whale,
1523,2014-04-16,1,0,Whale,
1524,2014-04-17,2,0,Whale,Whale
1525,2014-04-18,3,1,Whale,Whale
1526,2014-04-19,2,0,Whale,Whale
1527,2014-04-20,1,0,Whale,
1528,2014-04-21,3,1,Whale,Whale
1529,2014-04-22,1,0,Whale,
1530,2014-04-23,1,0,Whale,
1531,2014-04-24,1,0,Whale,
1532,2014-04-25,3,1,Whale,Whale
1533,2014-04-26,1,0,Whale,
1534,2014-04-27,1,0,Whale,
1535,2014-04-28,1,0,Whale,
1536,2014-04-29,1,0,Whale,
1537,2014-04-30,1,0,Whale,
1538,2014-05-01,1,0,Whale,
1539,2014-05-02,1,0,Whale,
1540,2014-05-03,1,0,Whale,
1541,2014-05-04,1,0,Whale,
1542,2014-05-05,1,0,Whale,
1543,2014-05-06,1,0,Whale,
1544,2014-05-07,1,0,Whale,
1545,2014-05-08,1,0,Whale,
1546,2014-05-09,1,0,Whale,
1547,2014-05-10,1,0,Whale,
1548,2014-05-11,1,0,Whale,
1549,2014-05-12,1,0,Whale,
1550,2014-05-13,1,0,Whale,
1551,2014-05-14,1,0,Whale,
1552,2014-05-15,1,0,Whale,
1553,2014-05-16,1,0,Whale,
1554,2014-05-17,1,0,Whale,
1555,2014-05-18,1,0,Whale,
1556,2014-05-19,1,0,Whale,
1557,2014-05-20,1,0,Whale,
1558,2014-05-21,1,0,Whale,
1559,2014-12-22,1,0,Whale,Whale
1560,2015-01-11,1,0,Whale,Whale
1561,2015-01-21,1,0,Whale,Whale
1562,2015-01-23,1,0,Whale,Whale
1563,2015-02-12,1,0,Whale,Whale
1564,2015-02-17,1,0,Whale,
1565,2015-02-18,3,1,Whale,Whale
1566,2015-02-19,1,0,Whale,
1567,2015-02-20,1,0,Whale,
1568,2015-02-21,1,0,Whale,
1569,2015-02-22,1,0,Whale,
1570,2015-02-23,1,0,Whale,
1571,2015-02-24,2,0,Whale,Whale
1572,2015-02-25,1,0,Whale,
1573,2015-02-26,1,0,Whale,
1574,2015-02-27,1,0,Whale,
1575,2015-02-28,2,0,Whale,Whale
1576,2015-03-01,1,0,Whale,
1577,2015-03-02,1,0,Whale,
1578,2015-03-03,2,0,Whale,Whale
1579,2015-03-04,1,0,Whale,
1580,2015-03-05,1,0,Whale,
1581,2015-03-06,2,0,Whale,Whale
1582,2015-03-07,2,0,Whale,Whale
1583,2015-03-08,1,0,Whale,
1584,2015-03-09,1,0,Whale,
1585,2015-03-10,2,0,Whale,Whale
1586,2015-03-11,1,0,Whale,
1587,2015-03-12,1,0,Whale,
1588,2015-03-13,1,0,Whale,
1589,2015-03-14,1,0,Whale,
1590,2015-03-15,1,0,Whale,
1591,2015-03-16,1,0,Whale,
1592,2015-03-17,1,0,Whale,
1593,2015-03-18,1,0,Whale,
1594,2015-03-19,1,0,Whale,
1595,2015-03-20,3,1,Whale,Whale
1596,2015-03-21,1,0,Whale,
1597,2015-03-22,1,0,Whale,
1598,2015-03-23,1,0,Whale,
1599,2015-03-24,1,0,Whale,
1600,2015-03-25,1,0,Whale,
1601,2015-03-26,1,0,Whale,
1602,2015-03-27,1,0,Whale,
1603,2015-03-28,1,0,Whale,
1604,2015-03-29,1,0,Whale,
1605,2015-03-30,1,0,Whale,
1606,2015-03-31,1,0,Whale,
1607,2015-04-01,1,0,Whale,
1608,2015-04-02,1,0,Whale,
1609,2015-04-03,1,0,Whale,
1610,2015-04-04,1,0,Whale,
1611,2015-04-05,1,0,Whale,
1612,2015-04-06,3,1,Whale,Whale
1613,2015-04-07,1,0,Whale,
1614,2015-04-08,1,0,Whale,
1615,2015-04-09,1,0,Whale,
1616,2015-04-10,1,0,Whale,
1617,2015-04-11,1,0,Whale,
1618,2015-04-12,2,0,Whale,Whale
1619,2015-04-13,1,0,Whale,
1620,2015-04-14,1,0,Whale,
1621,2015-04-15,3,1,Whale,Whale
1622,2015-04-16,2,0,Whale,Whale
1623,2015-04-17,1,0,Whale,
1624,2015-04-18,3,1,Whale,Whale
1625,2015-04-19,2,0,Whale,Whale
1626,2015-04-20,1,0,Whale,
1627,2015-04-21,2,0,Whale,Whale
1628,2015-04-22,2,0,Whale,Whale
1629,2015-04-23,1,0,Whale,
1630,2015-04-24,1,0,Whale,
1631,2015-04-25,2,0,Whale,Whale
1632,2015-04-26,2,0,Whale,Whale
1633,2015-04-27,3,1,Whale,Whale
1634,2015-04-28,1,0,Whale,
1635,2015-04-29,2,0,Whale,Whale
1636,2015-04-30,2,0,Whale,Whale
1637,2015-05-01,2,0,Whale,Whale
1638,2015-05-02,2,0,Whale,Whale
1639,2015-05-03,2,0,Whale,Whale
1640,2015-05-04,2,0,Whale,Whale
1641,2015-05-05,1,0,Whale,
1642,2015-05-06,3,1,Whale,Whale
1643,2015-05-07,2,0,Whale,Whale
1644,2015-05-08,3,1,Whale,Whale
1645,2015-05-09,2,0,Whale,Whale
1646,2015-05-10,1,0,Whale,
1647,2015-05-11,2,0,Whale,Whale
1648,2015-05-12,1,0,Whale,
1649,2015-05-13,1,0,Whale,
1650,2015-05-14,1,0,Whale,
1651,2015-05-15,1,0,Whale,
1652,2015-05-16,1,0,Whale,
1653,2015-05-17,1,0,Whale,
1654,2015-05-18,1,0,Whale,
1655,2015-05-19,1,0,Whale,
1656,2015-05-20,1,0,Whale,
1657,2015-05-21,1,0,Whale,
1658,2015-07-23,1,0,Whale,Whale
1659,2015-08-29,1,0,Whale,Whale
1660,2015-08-30,1,0,Whale,Whale
1661,2015-09-02,1,0,Whale,Whale
1662,2016-01-07,1,0,Whale,Whale
1663,2016-01-15,1,0,Whale,Whale
1664,2016-01-30,1,0,Whale,Whale
1665,2016-02-07,1,0,Whale,Whale
1666,2016-02-12,1,0,Whale,Whale
1667,2016-02-15,1,0,Whale,
1668,2016-02-16,1,0,Whale,
1669,2016-02-17,2,0,Whale,Whale
1670,2016-02-18,1,0,Whale,
1671,2016-02-19,2,0,Whale,Whale
1672,2016-02-20,1,0,Whale,
1673,2016-02-21,2,0,Whale,Whale
1674,2016-02-22,1,0,Whale,
1675,2016-02-23,1,0,Whale,
1676,2016-02-24,1,0,Whale,
1677,2016-02-25,1,0,Whale,
1678,2016-02-26,1,0,Whale,
1679,2016-02-27,2,0,Whale,Whale
1680,2016-02-28,1,0,Whale,
1681,2016-02-29,1,0,Whale,
1682,2016-03-01,2,0,Whale,Whale
1683,2016-03-02,1,0,Whale,
1684,2016-03-03,1,0,Whale,
1685,2016-03-04,2,0,Whale,Whale
1686,2016-03-05,1,0,Whale,
1687,2016-03-06,2,0,Whale,Whale
1688,2016-03-07,1,0,Whale,
1689,2016-03-08,3,1,Whale,Whale
1690,2016-03-09,1,0,Whale,
1691,2016-03-10,2,0,Whale,Whale
1692,2016-03-11,1,0,Whale,
1693,2016-03-12,1,0,Whale,
1694,2016-03-13,1,0,Whale,
1695,2016-03-14,1,0,Whale,
1696,2016-03-15,1,0,Whale,
1697,2016-03-16,1,0,Whale,
1698,2016-03-17,2,0,Whale,Whale
1699,2016-03-18,1,0,Whale,
1700,2016-03-19,2,0,Whale,Whale
1701,2016-03-20,1,0,Whale,
1702,2016-03-21,1,0,Whale,
1703,2016-03-22,1,0,Whale,
1704,2016-03-23,2,0,Whale,Whale
1705,2016-03-24,1,0,Whale,
1706,2016-03-25,1,0,Whale,
1707,2016-03-26,1,0,Whale,
1708,2016-03-27,2,0,Whale,Whale
1709,2016-03-28,1,0,Whale,
1710,2016-03-29,1,0,Whale,
1711,2016-03-30,3,1,Whale,Whale
1712,2016-03-31,1,0,Whale,
1713,2016-04-01,2,0,Whale,Whale
1714,2016-04-02,2,0,Whale,Whale
1715,2016-04-03,1,0,Whale,
1716,2016-04-04,1,0,Whale,
1717,2016-04-05,1,0,Whale,
1718,2016-04-06,3,1,Whale,Whale
1719,2016-04-07,1,0,Whale,
1720,2016-04-08,1,0,Whale,
1721,2016-04-09,3,1,Whale,Whale
1722,2016-04-10,1,0,Whale,
1723,2016-04-11,1,0,Whale,
1724,2016-04-12,1,0,Whale,
1725,2016-04-13,2,0,Whale,Whale
1726,2016-04-14,1,0,Whale,
1727,2016-04-15,1,0,Whale,
1728,2016-04-16,1,0,Whale,
1729,2016-04-17,2,0,Whale,Whale
1730,2016-04-18,3,1,Whale,Whale
1731,2016-04-19,2,0,Whale,Whale
1732,2016-04-20,1,0,Whale,
1733,2016-04-21,2,0,Whale,Whale
1734,2016-04-22,2,0,Whale,Whale
1735,2016-04-23,1,0,Whale,
1736,2016-04-24,1,0,Whale,
1737,2016-04-25,3,1,Whale,Whale
1738,2016-04-26,1,0,Whale,
1739,2016-04-27,3,1,Whale,Whale
1740,2016-04-28,2,0,Whale,Whale
1741,2016-04-29,3,1,Whale,Whale
1742,2016-04-30,2,0,Whale,Whale
1743,2016-05-01,1,0,Whale,
1744,2016-05-02,1,0,Whale,
1745,2016-05-03,1,0,Whale,
1746,2016-05-04,1,0,Whale,
1747,2016-05-05,1,0,Whale,
1748,2016-05-06,1,0,Whale,
1749,2016-05-07,1,0,Whale,
1750,2016-05-08,1,0,Whale,
1751,2016-05-09,1,0,Whale,
1752,2016-05-10,1,0,Whale,
1753,2016-05-11,1,0,Whale,
1754,2016-05-12,1,0,Whale,
1755,2016-05-13,1,0,Whale,
1756,2016-05-14,1,0,Whale,
1757,2016-05-15,1,0,Whale,
1758,2016-05-16,1,0,Whale,
1759,2016-05-17,1,0,Whale,
1760,2016-05-18,1,0,Whale,
1761,2016-05-19,1,0,Whale,
1762,2016-05-20,1,0,Whale,
1763,2016-05-21,1,0,Whale,
1764,2016-05-22,1,0,Whale,
1765,2016-05-23,1,0,Whale,
1766,2016-05-24,1,0,Whale,
1767,2016-05-25,1,0,Whale,
1768,2017-01-17,1,0,Whale,Whale
1769,2017-01-19,1,0,Whale,Whale
1770,2017-01-30,1,0,Whale,Whale
1771,2017-02-03,1,0,Whale,Whale
1772,2017-02-14,1,0,Whale,Whale
1773,2017-02-19,1,0,Whale,Whale
1774,2017-02-21,2,0,Whale,Whale
1775,2017-02-22,1,0,Whale,
1776,2017-02-23,2,0,Whale,Whale
1777,2017-02-24,2,0,Whale,Whale
1778,2017-02-25,1,0,Whale,
1779,2017-02-26,1,0,Whale,
1780,2017-02-27,1,0,Whale,
1781,2017-02-28,3,1,Whale,Whale
1782,2017-03-01,1,0,Whale,
1783,2017-03-02,1,0,Whale,
1784,2017-03-03,1,0,Whale,
1785,2017-03-04,1,0,Whale,
1786,2017-03-05,1,0,Whale,
1787,2017-03-06,2,0,Whale,Whale
1788,2017-03-07,1,0,Whale,
1789,2017-03-08,1,0,Whale,
1790,2017-03-09,1,0,Whale,
1791,2017-03-10,1,0,Whale,
1792,2017-03-11,1,0,Whale,
1793,2017-03-12,1,0,Whale,
1794,2017-03-13,1,0,Whale,
1795,2017-03-14,2,0,Whale,Whale
1796,2017-03-15,1,0,Whale,
1797,2017-03-16,1,0,Whale,
1798,2017-03-17,1,0,Whale,
1799,2017-03-18,3,1,Whale,Whale
1800,2017-03-19,1,0,Whale,
1801,2017-03-20,1,0,Whale,
1802,2017-03-21,2,0,Whale,Whale
1803,2017-03-22,1,0,Whale,
1804,2017-03-23,1,0,Whale,
1805,2017-03-24,1,0,Whale,
1806,2017-03-25,2,0,Whale,Whale
1807,2017-03-26,1,0,Whale,
1808,2017-03-27,1,0,Whale,
1809,2017-03-28,2,0,Whale,Whale
1810,2017-03-29,1,0,Whale,
1811,2017-03-30,1,0,Whale,
1812,2017-03-31,3,1,Whale,Whale
1813,2017-04-01,1,0,Whale,
1814,2017-04-02,1,0,Whale,
1815,2017-04-03,3,1,Whale,Whale
1816,2017-04-04,1,0,Whale,
1817,2017-04-05,1,0,Whale,
1818,2017-04-06,1,0,Whale,
1819,2017-04-07,1,0,Whale,
1820,2017-04-08,1,0,Whale,
1821,2017-04-09,3,1,Whale,Whale
1822,2017-04-10,1,0,Whale,
1823,2017-04-11,2,0,Whale,Whale
1824,2017-04-12,3,1,Whale,Whale
1825,2017-04-13,2,0,Whale,Whale
1826,2017-04-14,3,1,Whale,Whale
1827,2017-04-15,2,0,Whale,Whale
1828,2017-04-16,1,0,Whale,
1829,2017-04-17,2,0,Whale,Whale
1830,2017-04-18,3,1,Whale,Whale
1831,2017-04-19,2,0,Whale,Whale
1832,2017-04-20,2,0,Whale,Whale
1833,2017-04-21,1,0,Whale,
1834,2017-04-22,1,0,Whale,
1835,2017-04-23,2,0,Whale,Whale
1836,2017-04-24,2,0,Whale,Whale
1837,2017-04-25,1,0,Whale,
1838,2017-04-26,1,0,Whale,
1839,2017-04-27,2,0,Whale,Whale
1840,2017-04-28,1,0,Whale,
1841,2017-04-29,1,0,Whale,
1842,2017-04-30,2,0,Whale,Whale
1843,2017-05-01,2,0,Whale,Whale
1844,2017-05-02,1,0,Whale,
1845,2017-05-03,1,0,Whale,
1846,2017-05-04,3,1,Whale,Whale
1847,2017-05-05,1,0,Whale,
1848,2017-05-06,1,0,Whale,
1849,2017-05-07,1,0,Whale,
1850,2017-05-08,1,0,Whale,
1851,2017-05-09,2,0,Whale,
1852,2017-05-10,1,0,Whale,
1853,2017-05-11,1,0,Whale,
1854,2017-05-12,1,0,Whale,
1855,2017-05-13,1,0,Whale,
1856,2017-05-14,1,0,Whale,
1857,2017-05-15,1,0,Whale,
1858,2017-05-16,1,0,Whale,
1859,2017-12-24,1,0,Whale,Whale
1860,2018-01-16,1,0,Whale,Whale
1861,2018-01-19,1,0,Whale,Whale
1862,2018-02-06,1,0,Whale,Whale
1863,2018-02-13,2,0,Whale,Whale
1864,2018-02-14,1,0,Whale,
1865,2018-02-15,2,0,Whale,Whale
1866,2018-02-16,1,0,Whale,
1867,2018-02-17,2,0,Whale,Whale
1868,2018-02-18,1,0,Whale,
1869,2018-02-19,1,0,Whale,
1870,2018-02-20,1,0,Whale,
1871,2018-02-21,1,0,Whale,
1872,2018-02-22,1,0,Whale,
1873,2018-02-23,1,0,Whale,
1874,2018-02-24,3,1,Whale,Whale
1875,2018-02-25,1,0,Whale,
1876,2018-02-26,1,0,Whale,
1877,2018-02-27,2,0,Whale,Whale
1878,2018-02-28,1,0,Whale,
1879,2018-03-01,2,0,Whale,Whale
1880,2018-03-02,1,0,Whale,
1881,2018-03-03,1,0,Whale,
1882,2018-03-04,1,0,Whale,
1883,2018-03-05,1,0,Whale,
1884,2018-03-06,1,0,Whale,
1885,2018-03-07,1,0,Whale,
1886,2018-03-08,1,0,Whale,
1887,2018-03-09,1,0,Whale,
1888,2018-03-10,1,0,Whale,
1889,2018-03-11,1,0,Whale,
1890,2018-03-12,3,1,Whale,Whale
1891,2018-03-13,1,0,Whale,
1892,2018-03-14,1,0,Whale,
1893,2018-03-15,1,0,Whale,
1894,2018-03-16,1,0,Whale,
1895,2018-03-17,1,0,Whale,
1896,2018-03-18,1,0,Whale,
1897,2018-03-19,1,0,Whale,
1898,2018-03-20,3,1,Whale,Whale
1899,2018-03-21,1,0,Whale,
1900,2018-03-22,1,0,Whale,
1901,2018-03-23,1,0,Whale,
1902,2018-03-24,2,0,Whale,Whale
1903,2018-03-25,1,0,Whale,
1904,2018-03-26,1,0,Whale,
1905,2018-03-27,1,0,Whale,
1906,2018-03-28,3,1,Whale,Whale
1907,2018-03-29,2,0,Whale,Whale
1908,2018-03-30,1,0,Whale,
1909,2018-03-31,1,0,Whale,
1910,2018-04-01,1,0,Whale,
1911,2018-04-02,2,0,Whale,Whale
1912,2018-04-03,2,0,Whale,Whale
1913,2018-04-04,1,0,Whale,
1914,2018-04-05,1,0,Whale,
1915,2018-04-06,1,0,Whale,
1916,2018-04-07,1,0,Whale,
1917,2018-04-08,1,0,Whale,
1918,2018-04-09,1,0,Whale,
1919,2018-04-10,2,0,Whale,Whale
1920,2018-04-11,3,1,Whale,Whale
1921,2018-04-12,1,0,Whale,
1922,2018-04-13,3,1,Whale,Whale
1923,2018-04-14,1,0,Whale,
1924,2018-04-15,1,0,Whale,
1925,2018-04-16,1,0,Whale,
1926,2018-04-17,1,0,Whale,
1927,2018-04-18,1,0,Whale,
1928,2018-04-19,1,0,Whale,
1929,2018-04-20,1,0,Whale,
1930,2018-04-21,2,0,Whale,Whale
1931,2018-04-22,3,1,Whale,Whale
1932,2018-04-23,2,0,Whale,Whale
1933,2018-04-24,1,0,Whale,
1934,2018-04-25,1,0,Whale,
1935,2018-04-26,2,0,Whale,Whale
1936,2018-04-27,3,1,Whale,Whale
1937,2018-04-28,2,0,Whale,Whale
1938,2018-04-29,1,0,Whale,
1939,2018-04-30,3,1,Whale,Whale
1940,2018-05-01,2,0,Whale,Whale
1941,2018-05-02,1,0,Whale,
1942,2018-05-03,2,0,Whale,Whale
1943,2018-05-04,2,0,Whale,Whale
1944,2018-05-05,2,0,Whale,Whale
1945,2018-05-06,3,1,Whale,Whale
1946,2018-05-07,2,0,Whale,Whale
1947,2018-05-08,2,0,Whale,Whale
1948,2018-05-09,2,0,Whale,Whale
1949,2018-05-10,1,0,Whale,
1950,2018-05-11,1,0,Whale,
1951,2018-05-12,1,0,Whale,
1952,2018-05-13,2,0,Whale,Whale
1953,2018-05-14,1,0,Whale,
1954,2018-05-15,1,0,Whale,
1955,2018-05-16,1,0,Whale,
1956,2018-05-17,1,0,Whale,
1957,2018-05-18,1,0,Whale,
1958,2018-05-19,1,0,Whale,
1959,2018-05-20,1,0,Whale,
1960,2018-05-21,1,0,Whale,
1961,2018-05-22,1,0,Whale,
1962,2018-05-23,1,0,Whale,
1963,2018-05-24,1,0,Whale,
1964,2018-05-25,1,0,Whale,
1965,2018-05-26,1,0,Whale,
1966,2018-05-27,1,0,Whale,
1967,2018-05-28,1,0,Whale,
1968,2018-05-29,1,0,Whale,
1969,2018-05-30,1,0,Whale,
1970,2018-12-11,1,0,Whale,Whale
1971,2018-12-14,1,0,Whale,Whale
1972,2018-12-19,1,0,Whale,Whale
1973,2018-12-30,1,0,Whale,Whale
1974,2008-01-12,1,0,Zooplankton,
1975,2008-01-29,1,0,Zooplankton,
1976,2008-02-03,1,0,Zooplankton,
1977,2008-02-04,1,0,Zooplankton,
1978,2008-02-21,1,0,Zooplankton,
1979,2008-02-23,1,0,Zooplankton,
1980,2008-02-24,1,0,Zooplankton,
1981,2008-02-25,2,0,Zooplankton,
1982,2008-02-26,1,0,Zooplankton,
1983,2008-02-27,1,0,Zooplankton,
1984,2008-02-28,1,0,Zooplankton,
1985,2008-02-29,2,0,Zooplankton,
1986,2008-03-01,1,0,Zooplankton,
1987,2008-03-02,1,0,Zooplankton,
1988,2008-03-03,1,0,Zooplankton,
1989,2008-03-04,1,0,Zooplankton,
1990,2008-03-05,1,0,Zooplankton,
1991,2008-03-06,2,0,Zooplankton,
1992,2008-03-07,2,0,Zooplankton,
1993,2008-03-08,1,0,Zooplankton,
1994,2008-03-09,1,0,Zooplankton,
1995,2008-03-10,1,0,Zooplankton,
1996,2008-03-11,2,0,Zooplankton,
1997,2008-03-12,1,0,Zooplankton,
1998,2008-03-13,1,0,Zooplankton,
1999,2008-03-14,2,0,Zooplankton,
2000,2008-03-15,1,0,Zooplankton,
2001,2008-03-16,1,0,Zooplankton,
2002,2008-03-17,1,0,Zooplankton,
2003,2008-03-18,2,0,Zooplankton,
2004,2008-03-19,1,0,Zooplankton,
2005,2008-03-20,1,0,Zooplankton,
2006,2008-03-21,1,0,Zooplankton,
2007,2008-03-22,1,0,Zooplankton,
2008,2008-03-23,1,0,Zooplankton,
2009,2008-03-24,2,0,Zooplankton,
2010,2008-03-25,1,0,Zooplankton,
2011,2008-03-26,1,0,Zooplankton,
2012,2008-03-27,2,0,Zooplankton,
2013,2008-03-28,1,0,Zooplankton,
2014,2008-03-29,1,0,Zooplankton,
2015,2008-03-30,1,0,Zooplankton,
2016,2008-03-31,1,0,Zooplankton,
2017,2008-04-01,1,0,Zooplankton,
2018,2008-04-02,1,0,Zooplankton,
2019,2008-04-03,1,0,Zooplankton,
2020,2008-04-04,1,0,Zooplankton,
2021,2008-04-05,1,0,Zooplankton,
2022,2008-04-06,1,0,Zooplankton,
2023,2008-04-07,1,0,Zooplankton,
2024,2008-04-08,2,0,Zooplankton,
2025,2008-04-09,2,0,Zooplankton,
2026,2008-04-10,2,0,Zooplankton,
2027,2008-04-11,2,0,Zooplankton,
2028,2008-04-12,1,0,Zooplankton,
2029,2008-04-13,1,0,Zooplankton,
2030,2008-04-14,2,0,Zooplankton,
2031,2008-04-15,2,0,Zooplankton,
2032,2008-04-16,1,0,Zooplankton,
2033,2008-04-17,1,0,Zooplankton,
2034,2008-04-18,1,0,Zooplankton,
2035,2008-04-19,2,0,Zooplankton,
2036,2008-04-20,2,0,Zooplankton,
2037,2008-04-21,2,0,Zooplankton,
2038,2008-04-22,1,0,Zooplankton,
2039,2008-04-23,2,0,Zooplankton,
2040,2008-04-24,1,0,Zooplankton,
2041,2008-04-25,2,0,Zooplankton,
2042,2008-04-26,2,0,Zooplankton,
2043,2008-04-27,2,0,Zooplankton,
2044,2008-04-28,2,0,Zooplankton,
2045,2008-04-29,1,0,Zooplankton,
2046,2008-04-30,1,0,Zooplankton,
2047,2008-05-01,2,0,Zooplankton,
2048,2008-05-02,1,0,Zooplankton,
2049,2008-05-03,1,0,Zooplankton,
2050,2008-05-04,1,0,Zooplankton,
2051,2008-05-05,1,0,Zooplankton,
2052,2008-05-06,1,0,Zooplankton,
2053,2008-05-07,1,0,Zooplankton,
2054,2008-05-08,1,0,Zooplankton,
2055,2008-05-09,1,0,Zooplankton,
2056,2008-05-10,1,0,Zooplankton,
2057,2008-05-11,1,0,Zooplankton,
2058,2008-05-12,1,0,Zooplankton,
2059,2008-05-13,1,0,Zooplankton,
2060,2008-05-14,1,0,Zooplankton,
2061,2008-05-15,2,0,Zooplankton,
2062,2008-05-16,1,0,Zooplankton,
2063,2008-05-17,1,0,Zooplankton,
2064,2008-05-18,1,0,Zooplankton,
2065,2008-05-19,1,0,Zooplankton,
2066,2008-05-20,1,0,Zooplankton,
2067,2009-01-26,1,0,Zooplankton,
2068,2009-01-30,1,0,Zooplankton,
2069,2009-02-02,1,0,Zooplankton,
2070,2009-02-11,1,0,Zooplankton,
2071,2009-02-16,1,0,Zooplankton,
2072,2009-02-17,1,0,Zooplankton,
2073,2009-02-18,2,0,Zooplankton,
2074,2009-02-19,1,0,Zooplankton,
2075,2009-02-20,1,0,Zooplankton,
2076,2009-02-21,1,0,Zooplankton,
2077,2009-02-22,2,0,Zooplankton,
2078,2009-02-23,1,0,Zooplankton,
2079,2009-02-24,1,0,Zooplankton,
2080,2009-02-25,2,0,Zooplankton,
2081,2009-02-26,2,0,Zooplankton,
2082,2009-02-27,1,0,Zooplankton,
2083,2009-02-28,1,0,Zooplankton,
2084,2009-03-01,1,0,Zooplankton,
2085,2009-03-02,1,0,Zooplankton,
2086,2009-03-03,1,0,Zooplankton,
2087,2009-03-04,1,0,Zooplankton,
2088,2009-03-05,1,0,Zooplankton,
2089,2009-03-06,1,0,Zooplankton,
2090,2009-03-07,1,0,Zooplankton,
2091,2009-03-08,1,0,Zooplankton,
2092,2009-03-09,1,0,Zooplankton,
2093,2009-03-10,2,0,Zooplankton,
2094,2009-03-11,1,0,Zooplankton,
2095,2009-03-12,1,0,Zooplankton,
2096,2009-03-13,1,0,Zooplankton,
2097,2009-03-14,2,0,Zooplankton,
2098,2009-03-15,2,0,Zooplankton,
2099,2009-03-16,1,0,Zooplankton,
2100,2009-03-17,2,0,Zooplankton,
2101,2009-03-18,1,0,Zooplankton,
2102,2009-03-19,1,0,Zooplankton,
2103,2009-03-20,1,0,Zooplankton,
2104,2009-03-21,1,0,Zooplankton,
2105,2009-03-22,1,0,Zooplankton,
2106,2009-03-23,1,0,Zooplankton,
2107,2009-03-24,1,0,Zooplankton,
2108,2009-03-25,1,0,Zooplankton,
2109,2009-03-26,2,0,Zooplankton,
2110,2009-03-27,1,0,Zooplankton,
2111,2009-03-28,1,0,Zooplankton,
2112,2009-03-29,1,0,Zooplankton,
2113,2009-03-30,1,0,Zooplankton,
2114,2009-03-31,1,0,Zooplankton,
2115,2009-04-01,2,0,Zooplankton,
2116,2009-04-02,1,0,Zooplankton,
2117,2009-04-03,1,0,Zooplankton,
2118,2009-04-04,1,0,Zooplankton,
2119,2009-04-05,1,0,Zooplankton,
2120,2009-04-06,1,0,Zooplankton,
2121,2009-04-07,1,0,Zooplankton,
2122,2009-04-08,1,0,Zooplankton,
2123,2009-04-09,2,0,Zooplankton,
2124,2009-04-10,2,0,Zooplankton,
2125,2009-04-11,1,0,Zooplankton,
2126,2009-04-12,1,0,Zooplankton,
2127,2009-04-13,1,0,Zooplankton,
2128,2009-04-14,2,0,Zooplankton,
2129,2009-04-15,1,0,Zooplankton,
2130,2009-04-16,1,0,Zooplankton,
2131,2009-04-17,2,0,Zooplankton,
2132,2009-04-18,2,0,Zooplankton,
2133,2009-04-19,1,0,Zooplankton,
2134,2009-04-20,1,0,Zooplankton,
2135,2009-04-21,1,0,Zooplankton,
2136,2009-04-22,1,0,Zooplankton,
2137,2009-04-23,1,0,Zooplankton,
2138,2009-04-24,2,0,Zooplankton,
2139,2009-04-25,2,0,Zooplankton,
2140,2009-04-26,2,0,Zooplankton,
2141,2009-04-27,2,0,Zooplankton,
2142,2009-04-28,1,0,Zooplankton,
2143,2009-04-29,1,0,Zooplankton,
2144,2009-04-30,2,0,Zooplankton,
2145,2009-05-01,1,0,Zooplankton,
2146,2009-05-02,1,0,Zooplankton,
2147,2009-05-03,1,0,Zooplankton,
2148,2009-05-04,2,0,Zooplankton,
2149,2009-05-05,1,0,Zooplankton,
2150,2009-05-06,1,0,Zooplankton,
2151,2009-05-07,1,0,Zooplankton,
2152,2009-05-08,1,0,Zooplankton,
2153,2009-05-09,1,0,Zooplankton,
2154,2009-05-10,1,0,Zooplankton,
2155,2009-05-11,1,0,Zooplankton,
2156,2009-05-12,1,0,Zooplankton,
2157,2009-05-13,1,0,Zooplankton,
2158,2009-05-14,1,0,Zooplankton,
2159,2009-05-15,1,0,Zooplankton,
2160,2009-05-16,1,0,Zooplankton,
2161,2009-09-26,1,0,Zooplankton,
2162,2010-01-28,1,0,Zooplankton,
2163,2010-02-02,1,0,Zooplankton,
2164,2010-02-03,1,0,Zooplankton,
2165,2010-02-13,1,0,Zooplankton,
2166,2010-02-22,1,0,Zooplankton,
2167,2010-02-28,1,0,Zooplankton,
2168,2010-03-02,1,0,Zooplankton,
2169,2010-03-07,1,0,Zooplankton,
2170,2010-03-08,1,0,Zooplankton,
2171,2010-03-09,1,0,Zooplankton,
2172,2010-03-10,1,0,Zooplankton,
2173,2010-03-11,1,0,Zooplankton,
2174,2010-03-12,2,0,Zooplankton,
2175,2010-03-13,1,0,Zooplankton,
2176,2010-03-14,1,0,Zooplankton,
2177,2010-03-15,1,0,Zooplankton,
2178,2010-03-16,1,0,Zooplankton,
2179,2010-03-17,2,0,Zooplankton,
2180,2010-03-18,1,0,Zooplankton,
2181,2010-03-19,2,0,Zooplankton,
2182,2010-03-20,1,0,Zooplankton,
2183,2010-03-21,2,0,Zooplankton,
2184,2010-03-22,1,0,Zooplankton,
2185,2010-03-23,1,0,Zooplankton,
2186,2010-03-24,1,0,Zooplankton,
2187,2010-03-25,2,0,Zooplankton,
2188,2010-03-26,1,0,Zooplankton,
2189,2010-03-27,1,0,Zooplankton,
2190,2010-03-28,2,0,Zooplankton,
2191,2010-03-29,1,0,Zooplankton,
2192,2010-03-30,1,0,Zooplankton,
2193,2010-03-31,1,0,Zooplankton,
2194,2010-04-01,2,0,Zooplankton,
2195,2010-04-02,2,0,Zooplankton,
2196,2010-04-03,2,0,Zooplankton,
2197,2010-04-04,2,0,Zooplankton,
2198,2010-04-05,2,0,Zooplankton,
2199,2010-04-06,2,0,Zooplankton,
2200,2010-04-07,1,0,Zooplankton,
2201,2010-04-08,2,0,Zooplankton,
2202,2010-04-09,1,0,Zooplankton,
2203,2010-04-10,2,0,Zooplankton,
2204,2010-04-11,1,0,Zooplankton,
2205,2010-04-12,2,0,Zooplankton,
2206,2010-04-13,2,0,Zooplankton,
2207,2010-04-14,2,0,Zooplankton,
2208,2010-04-15,1,0,Zooplankton,
2209,2010-04-16,1,0,Zooplankton,
2210,2010-04-17,1,0,Zooplankton,
2211,2010-04-18,2,0,Zooplankton,
2212,2010-04-19,1,0,Zooplankton,
2213,2010-04-20,2,0,Zooplankton,
2214,2010-04-21,1,0,Zooplankton,
2215,2010-04-22,1,0,Zooplankton,
2216,2010-04-23,1,0,Zooplankton,
2217,2010-04-24,1,0,Zooplankton,
2218,2010-04-25,1,0,Zooplankton,
2219,2010-04-26,1,0,Zooplankton,
2220,2010-04-27,1,0,Zooplankton,
2221,2010-04-28,1,0,Zooplankton,
2222,2010-04-29,1,0,Zooplankton,
2223,2010-04-30,1,0,Zooplankton,
2224,2010-05-01,1,0,Zooplankton,
2225,2010-05-02,1,0,Zooplankton,
2226,2010-05-03,1,0,Zooplankton,
2227,2010-05-04,1,0,Zooplankton,
2228,2010-05-05,1,0,Zooplankton,
2229,2011-01-06,1,0,Zooplankton,
2230,2011-01-17,1,0,Zooplankton,
2231,2011-01-22,1,0,Zooplankton,
2232,2011-01-28,1,0,Zooplankton,
2233,2011-01-29,1,0,Zooplankton,
2234,2011-02-07,1,0,Zooplankton,
2235,2011-02-17,3,1,Zooplankton,Zooplankton
2236,2011-02-18,1,0,Zooplankton,
2237,2011-02-19,1,0,Zooplankton,
2238,2011-02-20,1,0,Zooplankton,
2239,2011-02-21,1,0,Zooplankton,
2240,2011-02-22,1,0,Zooplankton,
2241,2011-02-23,1,0,Zooplankton,
2242,2011-02-24,3,1,Zooplankton,Zooplankton
2243,2011-02-25,1,0,Zooplankton,
2244,2011-02-26,1,0,Zooplankton,
2245,2011-02-27,1,0,Zooplankton,
2246,2011-02-28,1,0,Zooplankton,
2247,2011-03-01,1,0,Zooplankton,
2248,2011-03-02,1,0,Zooplankton,
2249,2011-03-03,1,0,Zooplankton,
2250,2011-03-04,2,0,Zooplankton,
2251,2011-03-05,1,0,Zooplankton,
2252,2011-03-06,1,0,Zooplankton,
2253,2011-03-07,1,0,Zooplankton,
2254,2011-03-08,2,0,Zooplankton,
2255,2011-03-09,1,0,Zooplankton,
2256,2011-03-10,1,0,Zooplankton,
2257,2011-03-11,1,0,Zooplankton,
2258,2011-03-12,1,0,Zooplankton,
2259,2011-03-13,2,0,Zooplankton,
2260,2011-03-14,1,0,Zooplankton,
2261,2011-03-15,1,0,Zooplankton,
2262,2011-03-16,1,0,Zooplankton,
2263,2011-03-17,3,1,Zooplankton,Zooplankton
2264,2011-03-18,1,0,Zooplankton,
2265,2011-03-19,1,0,Zooplankton,
2266,2011-03-20,2,0,Zooplankton,
2267,2011-03-21,1,0,Zooplankton,
2268,2011-03-22,1,0,Zooplankton,
2269,2011-03-23,2,0,Zooplankton,
2270,2011-03-24,1,0,Zooplankton,
2271,2011-03-25,1,0,Zooplankton,
2272,2011-03-26,2,0,Zooplankton,
2273,2011-03-27,1,0,Zooplankton,
2274,2011-03-28,1,0,Zooplankton,
2275,2011-03-29,1,0,Zooplankton,
2276,2011-03-30,2,0,Zooplankton,
2277,2011-03-31,1,0,Zooplankton,
2278,2011-04-01,1,0,Zooplankton,
2279,2011-04-02,1,0,Zooplankton,
2280,2011-04-03,1,0,Zooplankton,
2281,2011-04-04,1,0,Zooplankton,
2282,2011-04-05,1,0,Zooplankton,
2283,2011-04-06,1,0,Zooplankton,
2284,2011-04-07,2,0,Zooplankton,
2285,2011-04-08,2,0,Zooplankton,
2286,2011-04-09,1,0,Zooplankton,
2287,2011-04-10,1,0,Zooplankton,
2288,2011-04-11,1,0,Zooplankton,
2289,2011-04-12,1,0,Zooplankton,
2290,2011-04-13,1,0,Zooplankton,
2291,2011-04-14,2,0,Zooplankton,
2292,2011-04-15,2,0,Zooplankton,
2293,2011-04-16,1,0,Zooplankton,
2294,2011-04-17,1,0,Zooplankton,
2295,2011-04-18,1,0,Zooplankton,
2296,2011-04-19,3,1,Zooplankton,Zooplankton
2297,2011-04-20,1,0,Zooplankton,
2298,2011-04-21,1,0,Zooplankton,
2299,2011-04-22,2,0,Zooplankton,
2300,2011-04-23,1,0,Zooplankton,
2301,2011-04-24,2,0,Zooplankton,
2302,2011-04-25,3,1,Zooplankton,Zooplankton
2303,2011-04-26,1,0,Zooplankton,
2304,2011-04-27,2,0,Zooplankton,
2305,2011-04-28,1,0,Zooplankton,
2306,2011-04-29,3,1,Zooplankton,Zooplankton
2307,2011-04-30,2,0,Zooplankton,
2308,2011-05-01,1,0,Zooplankton,
2309,2011-05-02,2,0,Zooplankton,
2310,2011-05-03,2,0,Zooplankton,
2311,2011-05-04,1,0,Zooplankton,
2312,2011-05-05,1,0,Zooplankton,
2313,2011-05-06,1,0,Zooplankton,
2314,2011-05-07,1,0,Zooplankton,
2315,2011-05-08,1,0,Zooplankton,
2316,2011-11-30,1,0,Zooplankton,
2317,2011-12-03,1,0,Zooplankton,
2318,2012-01-07,1,0,Zooplankton,
2319,2012-01-16,1,0,Zooplankton,
2320,2012-01-23,1,0,Zooplankton,
2321,2012-01-26,2,0,Zooplankton,Zooplankton
2322,2012-02-02,1,0,Zooplankton,
2323,2012-02-05,1,0,Zooplankton,
2324,2012-02-09,2,0,Zooplankton,Zooplankton
2325,2012-02-15,2,0,Zooplankton,Zooplankton
2326,2012-02-16,1,0,Zooplankton,
2327,2012-02-27,2,0,Zooplankton,Zooplankton
2328,2012-02-29,2,0,Zooplankton,Zooplankton
2329,2012-03-04,1,0,Zooplankton,
2330,2012-03-12,1,0,Zooplankton,
2331,2012-03-16,1,0,Zooplankton,
2332,2012-03-17,1,0,Zooplankton,
2333,2012-03-18,1,0,Zooplankton,
2334,2012-03-19,1,0,Zooplankton,
2335,2012-03-20,1,0,Zooplankton,
2336,2012-03-21,1,0,Zooplankton,
2337,2012-03-23,2,0,Zooplankton,Zooplankton
2338,2012-03-31,1,0,Zooplankton,
2339,2012-04-01,2,0,Zooplankton,Zooplankton
2340,2012-04-06,1,0,Zooplankton,
2341,2012-04-13,2,0,Zooplankton,Zooplankton
2342,2012-04-17,2,0,Zooplankton,Zooplankton
2343,2012-04-19,1,0,Zooplankton,
2344,2012-08-16,1,0,Zooplankton,
2345,2012-11-18,1,0,Zooplankton,
2346,2012-12-12,1,0,Zooplankton,
2347,2012-12-13,1,0,Zooplankton,
2348,2012-12-29,1,0,Zooplankton,
2349,2013-01-06,1,0,Zooplankton,
2350,2013-01-11,1,0,Zooplankton,
2351,2013-01-12,1,0,Zooplankton,
2352,2013-01-17,1,0,Zooplankton,
2353,2013-01-21,1,0,Zooplankton,
2354,2013-01-28,3,1,Zooplankton,Zooplankton
2355,2013-01-29,1,0,Zooplankton,
2356,2013-01-30,1,0,Zooplankton,
2357,2013-01-31,1,0,Zooplankton,
2358,2013-02-01,1,0,Zooplankton,
2359,2013-02-02,1,0,Zooplankton,
2360,2013-02-03,1,0,Zooplankton,
2361,2013-02-04,1,0,Zooplankton,
2362,2013-02-05,2,0,Zooplankton,
2363,2013-02-06,2,0,Zooplankton,
2364,2013-02-07,1,0,Zooplankton,
2365,2013-02-08,1,0,Zooplankton,
2366,2013-02-09,1,0,Zooplankton,
2367,2013-02-10,1,0,Zooplankton,
2368,2013-02-11,1,0,Zooplankton,
2369,2013-02-12,1,0,Zooplankton,
2370,2013-02-13,2,0,Zooplankton,
2371,2013-02-14,1,0,Zooplankton,
2372,2013-02-15,1,0,Zooplankton,
2373,2013-02-16,1,0,Zooplankton,
2374,2013-02-17,1,0,Zooplankton,
2375,2013-02-18,1,0,Zooplankton,
2376,2013-02-19,2,0,Zooplankton,
2377,2013-02-20,1,0,Zooplankton,
2378,2013-02-21,1,0,Zooplankton,
2379,2013-02-22,1,0,Zooplankton,
2380,2013-02-23,2,0,Zooplankton,
2381,2013-02-24,1,0,Zooplankton,
2382,2013-02-25,1,0,Zooplankton,
2383,2013-02-26,2,0,Zooplankton,
2384,2013-02-27,1,0,Zooplankton,
2385,2013-02-28,1,0,Zooplankton,
2386,2013-03-01,1,0,Zooplankton,
2387,2013-03-02,1,0,Zooplankton,
2388,2013-03-03,1,0,Zooplankton,
2389,2013-03-04,1,0,Zooplankton,
2390,2013-03-05,1,0,Zooplankton,
2391,2013-03-06,1,0,Zooplankton,
2392,2013-03-07,1,0,Zooplankton,
2393,2013-03-08,1,0,Zooplankton,
2394,2013-03-09,1,0,Zooplankton,
2395,2013-03-10,1,0,Zooplankton,
2396,2013-03-11,3,1,Zooplankton,Zooplankton
2397,2013-03-12,1,0,Zooplankton,
2398,2013-03-13,2,0,Zooplankton,
2399,2013-03-14,1,0,Zooplankton,
2400,2013-03-15,1,0,Zooplankton,
2401,2013-03-16,1,0,Zooplankton,
2402,2013-03-17,1,0,Zooplankton,
2403,2013-03-18,3,1,Zooplankton,Zooplankton
2404,2013-03-19,1,0,Zooplankton,
2405,2013-03-20,1,0,Zooplankton,
2406,2013-03-21,2,0,Zooplankton,
2407,2013-03-22,1,0,Zooplankton,
2408,2013-03-23,1,0,Zooplankton,
2409,2013-03-24,1,0,Zooplankton,
2410,2013-03-25,1,0,Zooplankton,
2411,2013-03-26,1,0,Zooplankton,
2412,2013-03-27,2,0,Zooplankton,
2413,2013-03-28,1,0,Zooplankton,
2414,2013-03-29,2,0,Zooplankton,
2415,2013-03-30,2,0,Zooplankton,
2416,2013-03-31,1,0,Zooplankton,
2417,2013-04-01,1,0,Zooplankton,
2418,2013-04-02,1,0,Zooplankton,
2419,2013-04-03,1,0,Zooplankton,
2420,2013-04-04,2,0,Zooplankton,
2421,2013-04-05,1,0,Zooplankton,
2422,2013-04-06,1,0,Zooplankton,
2423,2013-04-07,1,0,Zooplankton,
2424,2013-04-08,3,1,Zooplankton,Zooplankton
2425,2013-04-09,1,0,Zooplankton,
2426,2013-04-10,2,0,Zooplankton,
2427,2013-04-11,2,0,Zooplankton,
2428,2013-04-12,1,0,Zooplankton,
2429,2013-04-13,2,0,Zooplankton,
2430,2013-04-14,2,0,Zooplankton,
2431,2013-04-15,3,1,Zooplankton,Zooplankton
2432,2013-04-16,1,0,Zooplankton,
2433,2013-04-17,2,0,Zooplankton,
2434,2013-04-18,2,0,Zooplankton,
2435,2013-04-19,1,0,Zooplankton,
2436,2013-04-20,1,0,Zooplankton,
2437,2013-04-21,2,0,Zooplankton,
2438,2013-04-22,1,0,Zooplankton,
2439,2013-04-23,2,0,Zooplankton,
2440,2013-04-24,1,0,Zooplankton,
2441,2013-04-25,1,0,Zooplankton,
2442,2013-04-26,3,1,Zooplankton,Zooplankton
2443,2013-04-27,2,0,Zooplankton,
2444,2013-04-28,2,0,Zooplankton,
2445,2013-04-29,3,1,Zooplankton,Zooplankton
2446,2013-04-30,2,0,Zooplankton,
2447,2013-05-01,3,1,Zooplankton,Zooplankton
2448,2013-05-02,1,0,Zooplankton,
2449,2013-05-03,1,0,Zooplankton,
2450,2013-05-04,1,0,Zooplankton,
2451,2013-05-05,2,0,Zooplankton,Zooplankton
2452,2013-05-06,1,0,Zooplankton,
2453,2013-10-31,1,0,Zooplankton,
2454,2013-12-29,1,0,Zooplankton,
2455,2014-01-05,1,0,Zooplankton,
2456,2014-01-10,1,0,Zooplankton,
2457,2014-01-16,1,0,Zooplankton,
2458,2014-01-17,1,0,Zooplankton,
2459,2014-02-01,1,0,Zooplankton,
2460,2014-02-08,1,0,Zooplankton,
2461,2014-02-12,1,0,Zooplankton,
2462,2014-02-20,1,0,Zooplankton,
2463,2014-02-23,1,0,Zooplankton,
2464,2014-03-01,2,0,Zooplankton,
2465,2014-03-02,1,0,Zooplankton,
2466,2014-03-03,1,0,Zooplankton,
2467,2014-03-04,3,1,Zooplankton,Zooplankton
2468,2014-03-05,1,0,Zooplankton,
2469,2014-03-06,1,0,Zooplankton,
2470,2014-03-07,2,0,Zooplankton,
2471,2014-03-08,2,0,Zooplankton,
2472,2014-03-09,1,0,Zooplankton,
2473,2014-03-10,2,0,Zooplankton,
2474,2014-03-11,1,0,Zooplankton,
2475,2014-03-12,2,0,Zooplankton,
2476,2014-03-13,1,0,Zooplankton,
2477,2014-03-14,2,0,Zooplankton,
2478,2014-03-15,1,0,Zooplankton,
2479,2014-03-16,1,0,Zooplankton,
2480,2014-03-17,2,0,Zooplankton,
2481,2014-03-18,2,0,Zooplankton,
2482,2014-03-19,2,0,Zooplankton,
2483,2014-03-20,1,0,Zooplankton,
2484,2014-03-21,1,0,Zooplankton,
2485,2014-03-22,1,0,Zooplankton,
2486,2014-03-23,2,0,Zooplankton,
2487,2014-03-24,1,0,Zooplankton,
2488,2014-03-25,3,1,Zooplankton,Zooplankton
2489,2014-03-26,1,0,Zooplankton,
2490,2014-03-27,1,0,Zooplankton,
2491,2014-03-28,1,0,Zooplankton,
2492,2014-03-29,1,0,Zooplankton,
2493,2014-03-30,1,0,Zooplankton,
2494,2014-03-31,1,0,Zooplankton,
2495,2014-04-01,1,0,Zooplankton,
2496,2014-04-02,3,1,Zooplankton,Zooplankton
2497,2014-04-03,1,0,Zooplankton,
2498,2014-04-04,3,1,Zooplankton,Zooplankton
2499,2014-04-05,1,0,Zooplankton,
2500,2014-04-06,2,0,Zooplankton,
2501,2014-04-07,2,0,Zooplankton,
2502,2014-04-08,1,0,Zooplankton,
2503,2014-04-09,3,1,Zooplankton,Zooplankton
2504,2014-04-10,1,0,Zooplankton,
2505,2014-04-11,1,0,Zooplankton,
2506,2014-04-12,3,1,Zooplankton,Zooplankton
2507,2014-04-13,1,0,Zooplankton,
2508,2014-04-14,1,0,Zooplankton,
2509,2014-04-15,1,0,Zooplankton,
2510,2014-04-16,1,0,Zooplankton,
2511,2014-04-17,2,0,Zooplankton,
2512,2014-04-18,3,1,Zooplankton,Zooplankton
2513,2014-04-19,2,0,Zooplankton,
2514,2014-04-20,1,0,Zooplankton,
2515,2014-04-21,3,1,Zooplankton,Zooplankton
2516,2014-04-22,1,0,Zooplankton,
2517,2014-04-23,1,0,Zooplankton,
2518,2014-04-24,1,0,Zooplankton,
2519,2014-04-25,3,1,Zooplankton,Zooplankton
2520,2014-04-26,1,0,Zooplankton,
2521,2014-04-27,1,0,Zooplankton,
2522,2014-04-28,1,0,Zooplankton,
2523,2014-04-29,1,0,Zooplankton,
2524,2014-04-30,1,0,Zooplankton,
2525,2014-05-01,1,0,Zooplankton,
2526,2014-05-02,1,0,Zooplankton,
2527,2014-05-03,1,0,Zooplankton,
2528,2014-05-04,1,0,Zooplankton,
2529,2014-05-05,1,0,Zooplankton,
2530,2014-05-06,1,0,Zooplankton,
2531,2014-05-07,1,0,Zooplankton,
2532,2014-05-08,1,0,Zooplankton,
2533,2014-05-09,1,0,Zooplankton,
2534,2014-05-10,1,0,Zooplankton,
2535,2014-05-11,1,0,Zooplankton,
2536,2014-05-12,1,0,Zooplankton,
2537,2014-05-13,1,0,Zooplankton,
2538,2014-05-14,1,0,Zooplankton,
2539,2014-05-15,1,0,Zooplankton,
2540,2014-05-16,1,0,Zooplankton,
2541,2014-05-17,1,0,Zooplankton,
2542,2014-05-18,1,0,Zooplankton,
2543,2014-05-19,1,0,Zooplankton,
2544,2014-05-20,1,0,Zooplankton,
2545,2014-05-21,1,0,Zooplankton,
2546,2014-12-22,1,0,Zooplankton,
2547,2015-01-11,1,0,Zooplankton,
2548,2015-01-21,1,0,Zooplankton,
2549,2015-01-23,1,0,Zooplankton,
2550,2015-02-12,1,0,Zooplankton,
2551,2015-02-17,1,0,Zooplankton,
2552,2015-02-18,3,1,Zooplankton,Zooplankton
2553,2015-02-19,1,0,Zooplankton,
2554,2015-02-20,1,0,Zooplankton,
2555,2015-02-21,1,0,Zooplankton,
2556,2015-02-22,1,0,Zooplankton,
2557,2015-02-23,1,0,Zooplankton,
2558,2015-02-24,2,0,Zooplankton,
2559,2015-02-25,1,0,Zooplankton,
2560,2015-02-26,1,0,Zooplankton,
2561,2015-02-27,1,0,Zooplankton,
2562,2015-02-28,2,0,Zooplankton,
2563,2015-03-01,1,0,Zooplankton,
2564,2015-03-02,1,0,Zooplankton,
2565,2015-03-03,2,0,Zooplankton,
2566,2015-03-04,1,0,Zooplankton,
2567,2015-03-05,1,0,Zooplankton,
2568,2015-03-06,2,0,Zooplankton,
2569,2015-03-07,2,0,Zooplankton,
2570,2015-03-08,1,0,Zooplankton,
2571,2015-03-09,1,0,Zooplankton,
2572,2015-03-10,2,0,Zooplankton,
2573,2015-03-11,1,0,Zooplankton,
2574,2015-03-12,1,0,Zooplankton,
2575,2015-03-13,1,0,Zooplankton,
2576,2015-03-14,1,0,Zooplankton,
2577,2015-03-15,1,0,Zooplankton,
2578,2015-03-16,1,0,Zooplankton,
2579,2015-03-17,1,0,Zooplankton,
2580,2015-03-18,1,0,Zooplankton,
2581,2015-03-19,1,0,Zooplankton,
2582,2015-03-20,3,1,Zooplankton,Zooplankton
2583,2015-03-21,1,0,Zooplankton,
2584,2015-03-22,1,0,Zooplankton,
2585,2015-03-23,1,0,Zooplankton,
2586,2015-03-24,1,0,Zooplankton,
2587,2015-03-25,1,0,Zooplankton,
2588,2015-03-26,1,0,Zooplankton,
2589,2015-03-27,1,0,Zooplankton,
2590,2015-03-28,1,0,Zooplankton,
2591,2015-03-29,1,0,Zooplankton,
2592,2015-03-30,1,0,Zooplankton,
2593,2015-03-31,1,0,Zooplankton,
2594,2015-04-01,1,0,Zooplankton,
2595,2015-04-02,1,0,Zooplankton,
2596,2015-04-03,1,0,Zooplankton,
2597,2015-04-04,1,0,Zooplankton,
2598,2015-04-05,1,0,Zooplankton,
2599,2015-04-06,3,1,Zooplankton,Zooplankton
2600,2015-04-07,1,0,Zooplankton,
2601,2015-04-08,1,0,Zooplankton,
2602,2015-04-09,1,0,Zooplankton,
2603,2015-04-10,1,0,Zooplankton,
2604,2015-04-11,1,0,Zooplankton,
2605,2015-04-12,2,0,Zooplankton,
2606,2015-04-13,1,0,Zooplankton,
2607,2015-04-14,1,0,Zooplankton,
2608,2015-04-15,3,1,Zooplankton,Zooplankton
2609,2015-04-16,2,0,Zooplankton,
2610,2015-04-17,1,0,Zooplankton,
2611,2015-04-18,3,1,Zooplankton,Zooplankton
2612,2015-04-19,2,0,Zooplankton,
2613,2015-04-20,1,0,Zooplankton,
2614,2015-04-21,2,0,Zooplankton,
2615,2015-04-22,2,0,Zooplankton,
2616,2015-04-23,1,0,Zooplankton,
2617,2015-04-24,1,0,Zooplankton,
2618,2015-04-25,2,0,Zooplankton,
2619,2015-04-26,2,0,Zooplankton,
2620,2015-04-27,3,1,Zooplankton,Zooplankton
2621,2015-04-28,1,0,Zooplankton,
2622,2015-04-29,2,0,Zooplankton,
2623,2015-04-30,2,0,Zooplankton,
2624,2015-05-01,2,0,Zooplankton,
2625,2015-05-02,2,0,Zooplankton,
2626,2015-05-03,2,0,Zooplankton,
2627,2015-05-04,2,0,Zooplankton,
2628,2015-05-05,1,0,Zooplankton,
2629,2015-05-06,3,1,Zooplankton,Zooplankton
2630,2015-05-07,2,0,Zooplankton,
2631,2015-05-08,3,1,Zooplankton,Zooplankton
2632,2015-05-09,2,0,Zooplankton,
2633,2015-05-10,1,0,Zooplankton,
2634,2015-05-11,2,0,Zooplankton,
2635,2015-05-12,1,0,Zooplankton,
2636,2015-05-13,1,0,Zooplankton,
2637,2015-05-14,1,0,Zooplankton,
2638,2015-05-15,1,0,Zooplankton,
2639,2015-05-16,1,0,Zooplankton,
2640,2015-05-17,1,0,Zooplankton,
2641,2015-05-18,1,0,Zooplankton,
2642,2015-05-19,1,0,Zooplankton,
2643,2015-05-20,1,0,Zooplankton,
2644,2015-05-21,1,0,Zooplankton,
2645,2015-07-23,1,0,Zooplankton,
2646,2015-08-29,1,0,Zooplankton,
2647,2015-08-30,1,0,Zooplankton,
2648,2015-09-02,1,0,Zooplankton,
2649,2016-01-07,1,0,Zooplankton,
2650,2016-01-15,1,0,Zooplankton,
2651,2016-01-30,1,0,Zooplankton,
2652,2016-02-07,1,0,Zooplankton,
2653,2016-02-12,1,0,Zooplankton,
2654,2016-02-15,1,0,Zooplankton,
2655,2016-02-16,1,0,Zooplankton,
2656,2016-02-17,2,0,Zooplankton,
2657,2016-02-18,1,0,Zooplankton,
2658,2016-02-19,2,0,Zooplankton,
2659,2016-02-20,1,0,Zooplankton,
2660,2016-02-21,2,0,Zooplankton,
2661,2016-02-22,1,0,Zooplankton,
2662,2016-02-23,1,0,Zooplankton,
2663,2016-02-24,1,0,Zooplankton,
2664,2016-02-25,1,0,Zooplankton,
2665,2016-02-26,1,0,Zooplankton,
2666,2016-02-27,2,0,Zooplankton,
2667,2016-02-28,1,0,Zooplankton,
2668,2016-02-29,1,0,Zooplankton,
2669,2016-03-01,2,0,Zooplankton,
2670,2016-03-02,1,0,Zooplankton,
2671,2016-03-03,1,0,Zooplankton,
2672,2016-03-04,2,0,Zooplankton,
2673,2016-03-05,1,0,Zooplankton,
2674,2016-03-06,2,0,Zooplankton,
2675,2016-03-07,1,0,Zooplankton,
2676,2016-03-08,3,1,Zooplankton,Zooplankton
2677,2016-03-09,1,0,Zooplankton,
2678,2016-03-10,2,0,Zooplankton,
2679,2016-03-11,1,0,Zooplankton,
2680,2016-03-12,1,0,Zooplankton,
2681,2016-03-13,1,0,Zooplankton,
2682,2016-03-14,1,0,Zooplankton,
2683,2016-03-15,1,0,Zooplankton,
2684,2016-03-16,1,0,Zooplankton,
2685,2016-03-17,2,0,Zooplankton,
2686,2016-03-18,1,0,Zooplankton,
2687,2016-03-19,2,0,Zooplankton,
2688,2016-03-20,1,0,Zooplankton,
2689,2016-03-21,1,0,Zooplankton,
2690,2016-03-22,1,0,Zooplankton,
2691,2016-03-23,2,0,Zooplankton,
2692,2016-03-24,1,0,Zooplankton,
2693,2016-03-25,1,0,Zooplankton,
2694,2016-03-26,1,0,Zooplankton,
2695,2016-03-27,2,0,Zooplankton,
2696,2016-03-28,1,0,Zooplankton,
2697,2016-03-29,1,0,Zooplankton,
2698,2016-03-30,3,1,Zooplankton,Zooplankton
2699,2016-03-31,1,0,Zooplankton,
2700,2016-04-01,2,0,Zooplankton,
2701,2016-04-02,2,0,Zooplankton,
2702,2016-04-03,1,0,Zooplankton,
2703,2016-04-04,1,0,Zooplankton,
2704,2016-04-05,1,0,Zooplankton,
2705,2016-04-06,3,1,Zooplankton,Zooplankton
2706,2016-04-07,1,0,Zooplankton,
2707,2016-04-08,1,0,Zooplankton,
2708,2016-04-09,3,1,Zooplankton,Zooplankton
2709,2016-04-10,1,0,Zooplankton,
2710,2016-04-11,1,0,Zooplankton,
2711,2016-04-12,1,0,Zooplankton,
2712,2016-04-13,2,0,Zooplankton,
2713,2016-04-14,1,0,Zooplankton,
2714,2016-04-15,1,0,Zooplankton,
2715,2016-04-16,1,0,Zooplankton,
2716,2016-04-17,2,0,Zooplankton,
2717,2016-04-18,3,1,Zooplankton,Zooplankton
2718,2016-04-19,2,0,Zooplankton,
2719,2016-04-20,1,0,Zooplankton,
2720,2016-04-21,2,0,Zooplankton,
2721,2016-04-22,2,0,Zooplankton,
2722,2016-04-23,1,0,Zooplankton,
2723,2016-04-24,1,0,Zooplankton,
2724,2016-04-25,3,1,Zooplankton,Zooplankton
2725,2016-04-26,1,0,Zooplankton,
2726,2016-04-27,3,1,Zooplankton,Zooplankton
2727,2016-04-28,2,0,Zooplankton,
2728,2016-04-29,3,1,Zooplankton,Zooplankton
2729,2016-04-30,2,0,Zooplankton,
2730,2016-05-01,1,0,Zooplankton,
2731,2016-05-02,1,0,Zooplankton,
2732,2016-05-03,1,0,Zooplankton,
2733,2016-05-04,1,0,Zooplankton,
2734,2016-05-05,1,0,Zooplankton,
2735,2016-05-06,1,0,Zooplankton,
2736,2016-05-07,1,0,Zooplankton,
2737,2016-05-08,1,0,Zooplankton,
2738,2016-05-09,1,0,Zooplankton,
2739,2016-05-10,1,0,Zooplankton,
2740,2016-05-11,1,0,Zooplankton,
2741,2016-05-12,1,0,Zooplankton,
2742,2016-05-13,1,0,Zooplankton,
2743,2016-05-14,1,0,Zooplankton,
2744,2016-05-15,1,0,Zooplankton,
2745,2016-05-16,1,0,Zooplankton,
2746,2016-05-17,1,0,Zooplankton,
2747,2016-05-18,1,0,Zooplankton,
2748,2016-05-19,1,0,Zooplankton,
2749,2016-05-20,1,0,Zooplankton,
2750,2016-05-21,1,0,Zooplankton,
2751,2016-05-22,1,0,Zooplankton,
2752,2016-05-23,1,0,Zooplankton,
2753,2016-05-24,1,0,Zooplankton,
2754,2016-05-25,1,0,Zooplankton,
2755,2017-01-17,1,0,Zooplankton,
2756,2017-01-19,1,0,Zooplankton,
2757,2017-01-30,1,0,Zooplankton,
2758,2017-02-03,1,0,Zooplankton,
2759,2017-02-14,1,0,Zooplankton,
2760,2017-02-19,1,0,Zooplankton,
2761,2017-02-21,2,0,Zooplankton,
2762,2017-02-22,1,0,Zooplankton,
2763,2017-02-23,2,0,Zooplankton,
2764,2017-02-24,2,0,Zooplankton,
2765,2017-02-25,1,0,Zooplankton,
2766,2017-02-26,1,0,Zooplankton,
2767,2017-02-27,1,0,Zooplankton,
2768,2017-02-28,3,1,Zooplankton,Zooplankton
2769,2017-03-01,1,0,Zooplankton,
2770,2017-03-02,1,0,Zooplankton,
2771,2017-03-03,1,0,Zooplankton,
2772,2017-03-04,1,0,Zooplankton,
2773,2017-03-05,1,0,Zooplankton,
2774,2017-03-06,2,0,Zooplankton,
2775,2017-03-07,1,0,Zooplankton,
2776,2017-03-08,1,0,Zooplankton,
2777,2017-03-09,1,0,Zooplankton,
2778,2017-03-10,1,0,Zooplankton,
2779,2017-03-11,1,0,Zooplankton,
2780,2017-03-12,1,0,Zooplankton,
2781,2017-03-13,1,0,Zooplankton,
2782,2017-03-14,2,0,Zooplankton,
2783,2017-03-15,1,0,Zooplankton,
2784,2017-03-16,1,0,Zooplankton,
2785,2017-03-17,1,0,Zooplankton,
2786,2017-03-18,3,1,Zooplankton,Zooplankton
2787,2017-03-19,1,0,Zooplankton,
2788,2017-03-20,1,0,Zooplankton,
2789,2017-03-21,2,0,Zooplankton,
2790,2017-03-22,1,0,Zooplankton,
2791,2017-03-23,1,0,Zooplankton,
2792,2017-03-24,1,0,Zooplankton,
2793,2017-03-25,2,0,Zooplankton,
2794,2017-03-26,1,0,Zooplankton,
2795,2017-03-27,1,0,Zooplankton,
2796,2017-03-28,2,0,Zooplankton,
2797,2017-03-29,1,0,Zooplankton,
2798,2017-03-30,1,0,Zooplankton,
2799,2017-03-31,3,1,Zooplankton,Zooplankton
2800,2017-04-01,1,0,Zooplankton,
2801,2017-04-02,1,0,Zooplankton,
2802,2017-04-03,3,1,Zooplankton,Zooplankton
2803,2017-04-04,1,0,Zooplankton,
2804,2017-04-05,1,0,Zooplankton,
2805,2017-04-06,1,0,Zooplankton,
2806,2017-04-07,1,0,Zooplankton,
2807,2017-04-08,1,0,Zooplankton,
2808,2017-04-09,3,1,Zooplankton,Zooplankton
2809,2017-04-10,1,0,Zooplankton,
2810,2017-04-11,2,0,Zooplankton,
2811,2017-04-12,3,1,Zooplankton,Zooplankton
2812,2017-04-13,2,0,Zooplankton,
2813,2017-04-14,3,1,Zooplankton,Zooplankton
2814,2017-04-15,2,0,Zooplankton,
2815,2017-04-16,1,0,Zooplankton,
2816,2017-04-17,2,0,Zooplankton,
2817,2017-04-18,3,1,Zooplankton,Zooplankton
2818,2017-04-19,2,0,Zooplankton,
2819,2017-04-20,2,0,Zooplankton,
2820,2017-04-21,1,0,Zooplankton,
2821,2017-04-22,1,0,Zooplankton,
2822,2017-04-23,2,0,Zooplankton,
2823,2017-04-24,2,0,Zooplankton,
2824,2017-04-25,1,0,Zooplankton,
2825,2017-04-26,1,0,Zooplankton,
2826,2017-04-27,2,0,Zooplankton,
2827,2017-04-28,1,0,Zooplankton,
2828,2017-04-29,1,0,Zooplankton,
2829,2017-04-30,2,0,Zooplankton,
2830,2017-05-01,2,0,Zooplankton,
2831,2017-05-02,1,0,Zooplankton,
2832,2017-05-03,1,0,Zooplankton,
2833,2017-05-04,3,1,Zooplankton,Zooplankton
2834,2017-05-05,1,0,Zooplankton,
2835,2017-05-06,1,0,Zooplankton,
2836,2017-05-07,1,0,Zooplankton,
2837,2017-05-08,1,0,Zooplankton,
2838,2017-05-09,2,0,Zooplankton,Zooplankton
2839,2017-05-10,1,0,Zooplankton,
2840,2017-05-11,1,0,Zooplankton,
2841,2017-05-12,1,0,Zooplankton,
2842,2017-05-13,1,0,Zooplankton,
2843,2017-05-14,1,0,Zooplankton,
2844,2017-05-15,1,0,Zooplankton,
2845,2017-05-16,1,0,Zooplankton,
2846,2017-12-24,1,0,Zooplankton,
2847,2018-01-16,1,0,Zooplankton,
2848,2018-01-19,1,0,Zooplankton,
2849,2018-02-06,1,0,Zooplankton,
2850,2018-02-13,2,0,Zooplankton,
2851,2018-02-14,1,0,Zooplankton,
2852,2018-02-15,2,0,Zooplankton,
2853,2018-02-16,1,0,Zooplankton,
2854,2018-02-17,2,0,Zooplankton,
2855,2018-02-18,1,0,Zooplankton,
2856,2018-02-19,1,0,Zooplankton,
2857,2018-02-20,1,0,Zooplankton,
2858,2018-02-21,1,0,Zooplankton,
2859,2018-02-22,1,0,Zooplankton,
2860,2018-02-23,1,0,Zooplankton,
2861,2018-02-24,3,1,Zooplankton,Zooplankton
2862,2018-02-25,1,0,Zooplankton,
2863,2018-02-26,1,0,Zooplankton,
2864,2018-02-27,2,0,Zooplankton,
2865,2018-02-28,1,0,Zooplankton,
2866,2018-03-01,2,0,Zooplankton,
2867,2018-03-02,1,0,Zooplankton,
2868,2018-03-03,1,0,Zooplankton,
2869,2018-03-04,1,0,Zooplankton,
2870,2018-03-05,1,0,Zooplankton,
2871,2018-03-06,1,0,Zooplankton,
2872,2018-03-07,1,0,Zooplankton,
2873,2018-03-08,1,0,Zooplankton,
2874,2018-03-09,1,0,Zooplankton,
2875,2018-03-10,1,0,Zooplankton,
2876,2018-03-11,1,0,Zooplankton,
2877,2018-03-12,3,1,Zooplankton,Zooplankton
2878,2018-03-13,1,0,Zooplankton,
2879,2018-03-14,1,0,Zooplankton,
2880,2018-03-15,1,0,Zooplankton,
2881,2018-03-16,1,0,Zooplankton,
2882,2018-03-17,1,0,Zooplankton,
2883,2018-03-18,1,0,Zooplankton,
2884,2018-03-19,1,0,Zooplankton,
2885,2018-03-20,3,1,Zooplankton,Zooplankton
2886,2018-03-21,1,0,Zooplankton,
2887,2018-03-22,1,0,Zooplankton,
2888,2018-03-23,1,0,Zooplankton,
2889,2018-03-24,2,0,Zooplankton,
2890,2018-03-25,1,0,Zooplankton,
2891,2018-03-26,1,0,Zooplankton,
2892,2018-03-27,1,0,Zooplankton,
2893,2018-03-28,3,1,Zooplankton,Zooplankton
2894,2018-03-29,2,0,Zooplankton,
2895,2018-03-30,1,0,Zooplankton,
2896,2018-03-31,1,0,Zooplankton,
2897,2018-04-01,1,0,Zooplankton,
2898,2018-04-02,2,0,Zooplankton,
2899,2018-04-03,2,0,Zooplankton,
2900,2018-04-04,1,0,Zooplankton,
2901,2018-04-05,1,0,Zooplankton,
2902,2018-04-06,1,0,Zooplankton,
2903,2018-04-07,1,0,Zooplankton,
2904,2018-04-08,1,0,Zooplankton,
2905,2018-04-09,1,0,Zooplankton,
2906,2018-04-10,2,0,Zooplankton,
2907,2018-04-11,3,1,Zooplankton,Zooplankton
2908,2018-04-12,1,0,Zooplankton,
2909,2018-04-13,3,1,Zooplankton,Zooplankton
2910,2018-04-14,1,0,Zooplankton,
2911,2018-04-15,1,0,Zooplankton,
2912,2018-04-16,1,0,Zooplankton,
2913,2018-04-17,1,0,Zooplankton,
2914,2018-04-18,1,0,Zooplankton,
2915,2018-04-19,1,0,Zooplankton,
2916,2018-04-20,1,0,Zooplankton,
2917,2018-04-21,2,0,Zooplankton,
2918,2018-04-22,3,1,Zooplankton,Zooplankton
2919,2018-04-23,2,0,Zooplankton,
2920,2018-04-24,1,0,Zooplankton,
2921,2018-04-25,1,0,Zooplankton,
2922,2018-04-26,2,0,Zooplankton,
2923,2018-04-27,3,1,Zooplankton,Zooplankton
2924,2018-04-28,2,0,Zooplankton,
2925,2018-04-29,1,0,Zooplankton,
2926,2018-04-30,3,1,Zooplankton,Zooplankton
2927,2018-05-01,2,0,Zooplankton,
2928,2018-05-02,1,0,Zooplankton,
2929,2018-05-03,2,0,Zooplankton,
2930,2018-05-04,2,0,Zooplankton,
2931,2018-05-05,2,0,Zooplankton,
2932,2018-05-06,3,1,Zooplankton,Zooplankton
2933,2018-05-07,2,0,Zooplankton,
2934,2018-05-08,2,0,Zooplankton,
2935,2018-05-09,2,0,Zooplankton,
2936,2018-05-10,1,0,Zooplankton,
2937,2018-05-11,1,0,Zooplankton,
2938,2018-05-12,1,0,Zooplankton,
2939,2018-05-13,2,0,Zooplankton,
2940,2018-05-14,1,0,Zooplankton,
2941,2018-05-15,1,0,Zooplankton,
2942,2018-05-16,1,0,Zooplankton,
2943,2018-05-17,1,0,Zooplankton,
2944,2018-05-18,1,0,Zooplankton,
2945,2018-05-19,1,0,Zooplankton,
2946,2018-05-20,1,0,Zooplankton,
2947,2018-05-21,1,0,Zooplankton,
2948,2018-05-22,1,0,Zooplankton,
2949,2018-05-23,1,0,Zooplankton,
2950,2018-05-24,1,0,Zooplankton,
2951,2018-05-25,1,0,Zooplankton,
2952,2018-05-26,1,0,Zooplankton,
2953,2018-05-27,1,0,Zooplankton,
2954,2018-05-28,1,0,Zooplankton,
2955,2018-05-29,1,0,Zooplankton,
2956,2018-05-30,1,0,Zooplankton,
2957,2018-12-11,1,0,Zooplankton,
2958,2018-12-14,1,0,Zooplankton,
2959,2018-12-19,1,0,Zooplankton,
2960,2018-12-30,1,0,Zooplankton,
