,Date,Acoustic,Whale,Zooplankton,DataCount,Trifecta,Overlap
0,2008-01-12,,Whale,,1,0,Whale
1,2008-01-29,,Whale,,1,0,Whale
2,2008-02-03,,Whale,,1,0,Whale
3,2008-02-04,,Whale,,1,0,Whale
4,2008-02-21,,Whale,,1,0,Whale
5,2008-02-23,Acoustic,,,1,0,Acoustic
6,2008-02-24,Acoustic,,,1,0,Acoustic
7,2008-02-25,Acoustic,Whale,,2,0,AcousticWhale
8,2008-02-26,Acoustic,,,1,0,Acoustic
9,2008-02-27,Acoustic,,,1,0,Acoustic
10,2008-02-28,Acoustic,,,1,0,Acoustic
11,2008-02-29,Acoustic,Whale,,2,0,AcousticWhale
12,2008-03-01,Acoustic,,,1,0,Acoustic
13,2008-03-02,Acoustic,,,1,0,Acoustic
14,2008-03-03,Acoustic,,,1,0,Acoustic
15,2008-03-04,Acoustic,,,1,0,Acoustic
16,2008-03-05,Acoustic,,,1,0,Acoustic
17,2008-03-06,Acoustic,Whale,,2,0,AcousticWhale
18,2008-03-07,Acoustic,Whale,,2,0,AcousticWhale
19,2008-03-08,Acoustic,,,1,0,Acoustic
20,2008-03-09,Acoustic,,,1,0,Acoustic
21,2008-03-10,Acoustic,,,1,0,Acoustic
22,2008-03-11,Acoustic,Whale,,2,0,AcousticWhale
23,2008-03-12,Acoustic,,,1,0,Acoustic
24,2008-03-13,Acoustic,,,1,0,Acoustic
25,2008-03-14,Acoustic,Whale,,2,0,AcousticWhale
26,2008-03-15,Acoustic,,,1,0,Acoustic
27,2008-03-16,Acoustic,,,1,0,Acoustic
28,2008-03-17,Acoustic,,,1,0,Acoustic
29,2008-03-18,Acoustic,Whale,,2,0,AcousticWhale
30,2008-03-19,Acoustic,,,1,0,Acoustic
31,2008-03-20,Acoustic,,,1,0,Acoustic
32,2008-03-21,Acoustic,,,1,0,Acoustic
33,2008-03-22,Acoustic,,,1,0,Acoustic
34,2008-03-23,Acoustic,,,1,0,Acoustic
35,2008-03-24,Acoustic,Whale,,2,0,AcousticWhale
36,2008-03-25,Acoustic,,,1,0,Acoustic
37,2008-03-26,Acoustic,,,1,0,Acoustic
38,2008-03-27,Acoustic,Whale,,2,0,AcousticWhale
39,2008-03-28,Acoustic,,,1,0,Acoustic
40,2008-03-29,Acoustic,,,1,0,Acoustic
41,2008-03-30,Acoustic,,,1,0,Acoustic
42,2008-03-31,Acoustic,,,1,0,Acoustic
43,2008-04-01,Acoustic,,,1,0,Acoustic
44,2008-04-02,Acoustic,,,1,0,Acoustic
45,2008-04-03,Acoustic,,,1,0,Acoustic
46,2008-04-04,Acoustic,,,1,0,Acoustic
47,2008-04-05,Acoustic,,,1,0,Acoustic
48,2008-04-06,Acoustic,,,1,0,Acoustic
49,2008-04-07,Acoustic,,,1,0,Acoustic
50,2008-04-08,Acoustic,Whale,,2,0,AcousticWhale
51,2008-04-09,Acoustic,Whale,,2,0,AcousticWhale
52,2008-04-10,Acoustic,Whale,,2,0,AcousticWhale
53,2008-04-11,Acoustic,Whale,,2,0,AcousticWhale
54,2008-04-12,Acoustic,,,1,0,Acoustic
55,2008-04-13,Acoustic,,,1,0,Acoustic
56,2008-04-14,Acoustic,Whale,,2,0,AcousticWhale
57,2008-04-15,Acoustic,Whale,,2,0,AcousticWhale
58,2008-04-16,Acoustic,,,1,0,Acoustic
59,2008-04-17,Acoustic,,,1,0,Acoustic
60,2008-04-18,Acoustic,,,1,0,Acoustic
61,2008-04-19,Acoustic,Whale,,2,0,AcousticWhale
62,2008-04-20,Acoustic,Whale,,2,0,AcousticWhale
63,2008-04-21,Acoustic,Whale,,2,0,AcousticWhale
64,2008-04-22,Acoustic,,,1,0,Acoustic
65,2008-04-23,Acoustic,Whale,,2,0,AcousticWhale
66,2008-04-24,Acoustic,,,1,0,Acoustic
67,2008-04-25,Acoustic,Whale,,2,0,AcousticWhale
68,2008-04-26,Acoustic,Whale,,2,0,AcousticWhale
69,2008-04-27,Acoustic,Whale,,2,0,AcousticWhale
70,2008-04-28,Acoustic,Whale,,2,0,AcousticWhale
71,2008-04-29,Acoustic,,,1,0,Acoustic
72,2008-04-30,Acoustic,,,1,0,Acoustic
73,2008-05-01,Acoustic,Whale,,2,0,AcousticWhale
74,2008-05-02,Acoustic,,,1,0,Acoustic
75,2008-05-03,Acoustic,,,1,0,Acoustic
76,2008-05-04,Acoustic,,,1,0,Acoustic
77,2008-05-05,Acoustic,,,1,0,Acoustic
78,2008-05-06,Acoustic,,,1,0,Acoustic
79,2008-05-07,Acoustic,,,1,0,Acoustic
80,2008-05-08,Acoustic,,,1,0,Acoustic
81,2008-05-09,Acoustic,,,1,0,Acoustic
82,2008-05-10,Acoustic,,,1,0,Acoustic
83,2008-05-11,Acoustic,,,1,0,Acoustic
84,2008-05-12,Acoustic,,,1,0,Acoustic
85,2008-05-13,Acoustic,,,1,0,Acoustic
86,2008-05-14,Acoustic,,,1,0,Acoustic
87,2008-05-15,Acoustic,Whale,,2,0,AcousticWhale
88,2008-05-16,Acoustic,,,1,0,Acoustic
89,2008-05-17,Acoustic,,,1,0,Acoustic
90,2008-05-18,Acoustic,,,1,0,Acoustic
91,2008-05-19,Acoustic,,,1,0,Acoustic
92,2008-05-20,Acoustic,,,1,0,Acoustic
93,2009-01-26,,Whale,,1,0,Whale
94,2009-01-30,,Whale,,1,0,Whale
95,2009-02-02,,Whale,,1,0,Whale
96,2009-02-11,,Whale,,1,0,Whale
97,2009-02-16,,Whale,,1,0,Whale
98,2009-02-17,Acoustic,,,1,0,Acoustic
99,2009-02-18,Acoustic,Whale,,2,0,AcousticWhale
100,2009-02-19,Acoustic,,,1,0,Acoustic
101,2009-02-20,Acoustic,,,1,0,Acoustic
102,2009-02-21,Acoustic,,,1,0,Acoustic
103,2009-02-22,Acoustic,Whale,,2,0,AcousticWhale
104,2009-02-23,Acoustic,,,1,0,Acoustic
105,2009-02-24,Acoustic,,,1,0,Acoustic
106,2009-02-25,Acoustic,Whale,,2,0,AcousticWhale
107,2009-02-26,Acoustic,Whale,,2,0,AcousticWhale
108,2009-02-27,Acoustic,,,1,0,Acoustic
109,2009-02-28,Acoustic,,,1,0,Acoustic
110,2009-03-01,Acoustic,,,1,0,Acoustic
111,2009-03-02,Acoustic,,,1,0,Acoustic
112,2009-03-03,Acoustic,,,1,0,Acoustic
113,2009-03-04,Acoustic,,,1,0,Acoustic
114,2009-03-05,Acoustic,,,1,0,Acoustic
115,2009-03-06,Acoustic,,,1,0,Acoustic
116,2009-03-07,Acoustic,,,1,0,Acoustic
117,2009-03-08,Acoustic,,,1,0,Acoustic
118,2009-03-09,Acoustic,,,1,0,Acoustic
119,2009-03-10,Acoustic,Whale,,2,0,AcousticWhale
120,2009-03-11,Acoustic,,,1,0,Acoustic
121,2009-03-12,Acoustic,,,1,0,Acoustic
122,2009-03-13,Acoustic,,,1,0,Acoustic
123,2009-03-14,Acoustic,Whale,,2,0,AcousticWhale
124,2009-03-15,Acoustic,Whale,,2,0,AcousticWhale
125,2009-03-16,Acoustic,,,1,0,Acoustic
126,2009-03-17,Acoustic,Whale,,2,0,AcousticWhale
127,2009-03-18,Acoustic,,,1,0,Acoustic
128,2009-03-19,Acoustic,,,1,0,Acoustic
129,2009-03-20,Acoustic,,,1,0,Acoustic
130,2009-03-21,Acoustic,,,1,0,Acoustic
131,2009-03-22,Acoustic,,,1,0,Acoustic
132,2009-03-23,Acoustic,,,1,0,Acoustic
133,2009-03-24,Acoustic,,,1,0,Acoustic
134,2009-03-25,Acoustic,,,1,0,Acoustic
135,2009-03-26,Acoustic,Whale,,2,0,AcousticWhale
136,2009-03-27,Acoustic,,,1,0,Acoustic
137,2009-03-28,Acoustic,,,1,0,Acoustic
138,2009-03-29,Acoustic,,,1,0,Acoustic
139,2009-03-30,Acoustic,,,1,0,Acoustic
140,2009-03-31,Acoustic,,,1,0,Acoustic
141,2009-04-01,Acoustic,Whale,,2,0,AcousticWhale
142,2009-04-02,Acoustic,,,1,0,Acoustic
143,2009-04-03,Acoustic,,,1,0,Acoustic
144,2009-04-04,Acoustic,,,1,0,Acoustic
145,2009-04-05,Acoustic,,,1,0,Acoustic
146,2009-04-06,Acoustic,,,1,0,Acoustic
147,2009-04-07,Acoustic,,,1,0,Acoustic
148,2009-04-08,Acoustic,,,1,0,Acoustic
149,2009-04-09,Acoustic,Whale,,2,0,AcousticWhale
150,2009-04-10,Acoustic,Whale,,2,0,AcousticWhale
151,2009-04-11,Acoustic,,,1,0,Acoustic
152,2009-04-12,Acoustic,,,1,0,Acoustic
153,2009-04-13,Acoustic,,,1,0,Acoustic
154,2009-04-14,Acoustic,Whale,,2,0,AcousticWhale
155,2009-04-15,Acoustic,,,1,0,Acoustic
156,2009-04-16,Acoustic,,,1,0,Acoustic
157,2009-04-17,Acoustic,Whale,,2,0,AcousticWhale
158,2009-04-18,Acoustic,Whale,,2,0,AcousticWhale
159,2009-04-19,Acoustic,,,1,0,Acoustic
160,2009-04-20,Acoustic,,,1,0,Acoustic
161,2009-04-21,Acoustic,,,1,0,Acoustic
162,2009-04-22,Acoustic,,,1,0,Acoustic
163,2009-04-23,Acoustic,,,1,0,Acoustic
164,2009-04-24,Acoustic,Whale,,2,0,AcousticWhale
165,2009-04-25,Acoustic,Whale,,2,0,AcousticWhale
166,2009-04-26,Acoustic,Whale,,2,0,AcousticWhale
167,2009-04-27,Acoustic,Whale,,2,0,AcousticWhale
168,2009-04-28,Acoustic,,,1,0,Acoustic
169,2009-04-29,Acoustic,,,1,0,Acoustic
170,2009-04-30,Acoustic,Whale,,2,0,AcousticWhale
171,2009-05-01,Acoustic,,,1,0,Acoustic
172,2009-05-02,Acoustic,,,1,0,Acoustic
173,2009-05-03,Acoustic,,,1,0,Acoustic
174,2009-05-04,Acoustic,Whale,,2,0,AcousticWhale
175,2009-05-05,Acoustic,,,1,0,Acoustic
176,2009-05-06,Acoustic,,,1,0,Acoustic
177,2009-05-07,Acoustic,,,1,0,Acoustic
178,2009-05-08,Acoustic,,,1,0,Acoustic
179,2009-05-09,Acoustic,,,1,0,Acoustic
180,2009-05-10,Acoustic,,,1,0,Acoustic
181,2009-05-11,Acoustic,,,1,0,Acoustic
182,2009-05-12,Acoustic,,,1,0,Acoustic
183,2009-05-13,Acoustic,,,1,0,Acoustic
184,2009-05-14,Acoustic,,,1,0,Acoustic
185,2009-05-15,Acoustic,,,1,0,Acoustic
186,2009-05-16,Acoustic,,,1,0,Acoustic
187,2009-09-26,,Whale,,1,0,Whale
188,2010-01-28,,Whale,,1,0,Whale
189,2010-02-02,,Whale,,1,0,Whale
190,2010-02-03,,Whale,,1,0,Whale
191,2010-02-13,,Whale,,1,0,Whale
192,2010-02-22,,Whale,,1,0,Whale
193,2010-02-28,,Whale,,1,0,Whale
194,2010-03-02,,Whale,,1,0,Whale
195,2010-03-07,,Whale,,1,0,Whale
196,2010-03-08,Acoustic,,,1,0,Acoustic
197,2010-03-09,Acoustic,,,1,0,Acoustic
198,2010-03-10,Acoustic,,,1,0,Acoustic
199,2010-03-11,Acoustic,,,1,0,Acoustic
200,2010-03-12,Acoustic,Whale,,2,0,AcousticWhale
201,2010-03-13,Acoustic,,,1,0,Acoustic
202,2010-03-14,Acoustic,,,1,0,Acoustic
203,2010-03-15,Acoustic,,,1,0,Acoustic
204,2010-03-16,Acoustic,,,1,0,Acoustic
205,2010-03-17,Acoustic,Whale,,2,0,AcousticWhale
206,2010-03-18,Acoustic,,,1,0,Acoustic
207,2010-03-19,Acoustic,Whale,,2,0,AcousticWhale
208,2010-03-20,Acoustic,,,1,0,Acoustic
209,2010-03-21,Acoustic,Whale,,2,0,AcousticWhale
210,2010-03-22,Acoustic,,,1,0,Acoustic
211,2010-03-23,Acoustic,,,1,0,Acoustic
212,2010-03-24,Acoustic,,,1,0,Acoustic
213,2010-03-25,Acoustic,Whale,,2,0,AcousticWhale
214,2010-03-26,Acoustic,,,1,0,Acoustic
215,2010-03-27,Acoustic,,,1,0,Acoustic
216,2010-03-28,Acoustic,Whale,,2,0,AcousticWhale
217,2010-03-29,Acoustic,,,1,0,Acoustic
218,2010-03-30,Acoustic,,,1,0,Acoustic
219,2010-03-31,Acoustic,,,1,0,Acoustic
220,2010-04-01,Acoustic,Whale,,2,0,AcousticWhale
221,2010-04-02,Acoustic,Whale,,2,0,AcousticWhale
222,2010-04-03,Acoustic,Whale,,2,0,AcousticWhale
223,2010-04-04,Acoustic,Whale,,2,0,AcousticWhale
224,2010-04-05,Acoustic,Whale,,2,0,AcousticWhale
225,2010-04-06,Acoustic,Whale,,2,0,AcousticWhale
226,2010-04-07,Acoustic,,,1,0,Acoustic
227,2010-04-08,Acoustic,Whale,,2,0,AcousticWhale
228,2010-04-09,Acoustic,,,1,0,Acoustic
229,2010-04-10,Acoustic,Whale,,2,0,AcousticWhale
230,2010-04-11,Acoustic,,,1,0,Acoustic
231,2010-04-12,Acoustic,Whale,,2,0,AcousticWhale
232,2010-04-13,Acoustic,Whale,,2,0,AcousticWhale
233,2010-04-14,Acoustic,Whale,,2,0,AcousticWhale
234,2010-04-15,Acoustic,,,1,0,Acoustic
235,2010-04-16,Acoustic,,,1,0,Acoustic
236,2010-04-17,Acoustic,,,1,0,Acoustic
237,2010-04-18,Acoustic,Whale,,2,0,AcousticWhale
238,2010-04-19,Acoustic,,,1,0,Acoustic
239,2010-04-20,Acoustic,Whale,,2,0,AcousticWhale
240,2010-04-21,Acoustic,,,1,0,Acoustic
241,2010-04-22,Acoustic,,,1,0,Acoustic
242,2010-04-23,Acoustic,,,1,0,Acoustic
243,2010-04-24,Acoustic,,,1,0,Acoustic
244,2010-04-25,Acoustic,,,1,0,Acoustic
245,2010-04-26,Acoustic,,,1,0,Acoustic
246,2010-04-27,Acoustic,,,1,0,Acoustic
247,2010-04-28,Acoustic,,,1,0,Acoustic
248,2010-04-29,Acoustic,,,1,0,Acoustic
249,2010-04-30,Acoustic,,,1,0,Acoustic
250,2010-05-01,Acoustic,,,1,0,Acoustic
251,2010-05-02,Acoustic,,,1,0,Acoustic
252,2010-05-03,Acoustic,,,1,0,Acoustic
253,2010-05-04,Acoustic,,,1,0,Acoustic
254,2010-05-05,Acoustic,,,1,0,Acoustic
255,2011-01-06,,Whale,,1,0,Whale
256,2011-01-17,,Whale,,1,0,Whale
257,2011-01-22,,Whale,,1,0,Whale
258,2011-01-28,,Whale,,1,0,Whale
259,2011-01-29,,Whale,,1,0,Whale
260,2011-02-07,,Whale,,1,0,Whale
261,2011-02-17,Acoustic,Whale,Zooplankton,3,1,AcousticWhaleZooplankton
262,2011-02-18,Acoustic,,,1,0,Acoustic
263,2011-02-19,Acoustic,,,1,0,Acoustic
264,2011-02-20,Acoustic,,,1,0,Acoustic
265,2011-02-21,Acoustic,,,1,0,Acoustic
266,2011-02-22,Acoustic,,,1,0,Acoustic
267,2011-02-23,Acoustic,,,1,0,Acoustic
268,2011-02-24,Acoustic,Whale,Zooplankton,3,1,AcousticWhaleZooplankton
269,2011-02-25,Acoustic,,,1,0,Acoustic
270,2011-02-26,Acoustic,,,1,0,Acoustic
271,2011-02-27,Acoustic,,,1,0,Acoustic
272,2011-02-28,Acoustic,,,1,0,Acoustic
273,2011-03-01,Acoustic,,,1,0,Acoustic
274,2011-03-02,Acoustic,,,1,0,Acoustic
275,2011-03-03,Acoustic,,,1,0,Acoustic
276,2011-03-04,Acoustic,Whale,,2,0,AcousticWhale
277,2011-03-05,Acoustic,,,1,0,Acoustic
278,2011-03-06,Acoustic,,,1,0,Acoustic
279,2011-03-07,Acoustic,,,1,0,Acoustic
280,2011-03-08,Acoustic,Whale,,2,0,AcousticWhale
281,2011-03-09,Acoustic,,,1,0,Acoustic
282,2011-03-10,Acoustic,,,1,0,Acoustic
283,2011-03-11,Acoustic,,,1,0,Acoustic
284,2011-03-12,Acoustic,,,1,0,Acoustic
285,2011-03-13,Acoustic,Whale,,2,0,AcousticWhale
286,2011-03-14,Acoustic,,,1,0,Acoustic
287,2011-03-15,Acoustic,,,1,0,Acoustic
288,2011-03-16,Acoustic,,,1,0,Acoustic
289,2011-03-17,Acoustic,Whale,Zooplankton,3,1,AcousticWhaleZooplankton
290,2011-03-18,Acoustic,,,1,0,Acoustic
291,2011-03-19,Acoustic,,,1,0,Acoustic
292,2011-03-20,Acoustic,Whale,,2,0,AcousticWhale
293,2011-03-21,Acoustic,,,1,0,Acoustic
294,2011-03-22,Acoustic,,,1,0,Acoustic
295,2011-03-23,Acoustic,Whale,,2,0,AcousticWhale
296,2011-03-24,Acoustic,,,1,0,Acoustic
297,2011-03-25,Acoustic,,,1,0,Acoustic
298,2011-03-26,Acoustic,Whale,,2,0,AcousticWhale
299,2011-03-27,Acoustic,,,1,0,Acoustic
300,2011-03-28,Acoustic,,,1,0,Acoustic
301,2011-03-29,Acoustic,,,1,0,Acoustic
302,2011-03-30,Acoustic,Whale,,2,0,AcousticWhale
303,2011-03-31,Acoustic,,,1,0,Acoustic
304,2011-04-01,Acoustic,,,1,0,Acoustic
305,2011-04-02,Acoustic,,,1,0,Acoustic
306,2011-04-03,Acoustic,,,1,0,Acoustic
307,2011-04-04,Acoustic,,,1,0,Acoustic
308,2011-04-05,Acoustic,,,1,0,Acoustic
309,2011-04-06,Acoustic,,,1,0,Acoustic
310,2011-04-07,Acoustic,Whale,,2,0,AcousticWhale
311,2011-04-08,Acoustic,Whale,,2,0,AcousticWhale
312,2011-04-09,Acoustic,,,1,0,Acoustic
313,2011-04-10,Acoustic,,,1,0,Acoustic
314,2011-04-11,Acoustic,,,1,0,Acoustic
315,2011-04-12,Acoustic,,,1,0,Acoustic
316,2011-04-13,Acoustic,,,1,0,Acoustic
317,2011-04-14,Acoustic,Whale,,2,0,AcousticWhale
318,2011-04-15,Acoustic,Whale,,2,0,AcousticWhale
319,2011-04-16,Acoustic,,,1,0,Acoustic
320,2011-04-17,Acoustic,,,1,0,Acoustic
321,2011-04-18,Acoustic,,,1,0,Acoustic
322,2011-04-19,Acoustic,Whale,Zooplankton,3,1,AcousticWhaleZooplankton
323,2011-04-20,Acoustic,,,1,0,Acoustic
324,2011-04-21,Acoustic,,,1,0,Acoustic
325,2011-04-22,Acoustic,Whale,,2,0,AcousticWhale
326,2011-04-23,Acoustic,,,1,0,Acoustic
327,2011-04-24,Acoustic,Whale,,2,0,AcousticWhale
328,2011-04-25,Acoustic,Whale,Zooplankton,3,1,AcousticWhaleZooplankton
329,2011-04-26,Acoustic,,,1,0,Acoustic
330,2011-04-27,Acoustic,Whale,,2,0,AcousticWhale
331,2011-04-28,Acoustic,,,1,0,Acoustic
332,2011-04-29,Acoustic,Whale,Zooplankton,3,1,AcousticWhaleZooplankton
333,2011-04-30,Acoustic,Whale,,2,0,AcousticWhale
334,2011-05-01,Acoustic,,,1,0,Acoustic
335,2011-05-02,Acoustic,Whale,,2,0,AcousticWhale
336,2011-05-03,Acoustic,Whale,,2,0,AcousticWhale
337,2011-05-04,Acoustic,,,1,0,Acoustic
338,2011-05-05,Acoustic,,,1,0,Acoustic
339,2011-05-06,Acoustic,,,1,0,Acoustic
340,2011-05-07,Acoustic,,,1,0,Acoustic
341,2011-05-08,Acoustic,,,1,0,Acoustic
342,2011-11-30,,Whale,,1,0,Whale
343,2011-12-03,,Whale,,1,0,Whale
344,2012-01-07,,Whale,,1,0,Whale
345,2012-01-16,,Whale,,1,0,Whale
346,2012-01-23,,Whale,,1,0,Whale
347,2012-01-26,,Whale,Zooplankton,2,0,WhaleZooplankton
348,2012-02-02,,Whale,,1,0,Whale
349,2012-02-05,,Whale,,1,0,Whale
350,2012-02-09,,Whale,Zooplankton,2,0,WhaleZooplankton
351,2012-02-15,,Whale,Zooplankton,2,0,WhaleZooplankton
352,2012-02-16,,Whale,,1,0,Whale
353,2012-02-27,,Whale,Zooplankton,2,0,WhaleZooplankton
354,2012-02-29,,Whale,Zooplankton,2,0,WhaleZooplankton
355,2012-03-04,,Whale,,1,0,Whale
356,2012-03-12,,Whale,,1,0,Whale
357,2012-03-16,,Whale,,1,0,Whale
358,2012-03-17,,Whale,,1,0,Whale
359,2012-03-18,,Whale,,1,0,Whale
360,2012-03-19,,Whale,,1,0,Whale
361,2012-03-20,,Whale,,1,0,Whale
362,2012-03-21,,Whale,,1,0,Whale
363,2012-03-23,,Whale,Zooplankton,2,0,WhaleZooplankton
364,2012-03-31,,Whale,,1,0,Whale
365,2012-04-01,,Whale,Zooplankton,2,0,WhaleZooplankton
366,2012-04-06,,Whale,,1,0,Whale
367,2012-04-13,,Whale,Zooplankton,2,0,WhaleZooplankton
368,2012-04-17,,Whale,Zooplankton,2,0,WhaleZooplankton
369,2012-04-19,,Whale,,1,0,Whale
370,2012-08-16,,Whale,,1,0,Whale
371,2012-11-18,,Whale,,1,0,Whale
372,2012-12-12,,Whale,,1,0,Whale
373,2012-12-13,,Whale,,1,0,Whale
374,2012-12-29,,Whale,,1,0,Whale
375,2013-01-06,,Whale,,1,0,Whale
376,2013-01-11,,Whale,,1,0,Whale
377,2013-01-12,,Whale,,1,0,Whale
378,2013-01-17,,Whale,,1,0,Whale
379,2013-01-21,,Whale,,1,0,Whale
380,2013-01-28,Acoustic,Whale,Zooplankton,3,1,AcousticWhaleZooplankton
381,2013-01-29,Acoustic,,,1,0,Acoustic
382,2013-01-30,Acoustic,,,1,0,Acoustic
383,2013-01-31,Acoustic,,,1,0,Acoustic
384,2013-02-01,Acoustic,,,1,0,Acoustic
385,2013-02-02,Acoustic,,,1,0,Acoustic
386,2013-02-03,Acoustic,,,1,0,Acoustic
387,2013-02-04,Acoustic,,,1,0,Acoustic
388,2013-02-05,Acoustic,Whale,,2,0,AcousticWhale
389,2013-02-06,Acoustic,Whale,,2,0,AcousticWhale
390,2013-02-07,Acoustic,,,1,0,Acoustic
391,2013-02-08,Acoustic,,,1,0,Acoustic
392,2013-02-09,Acoustic,,,1,0,Acoustic
393,2013-02-10,Acoustic,,,1,0,Acoustic
394,2013-02-11,Acoustic,,,1,0,Acoustic
395,2013-02-12,Acoustic,,,1,0,Acoustic
396,2013-02-13,Acoustic,Whale,,2,0,AcousticWhale
397,2013-02-14,Acoustic,,,1,0,Acoustic
398,2013-02-15,Acoustic,,,1,0,Acoustic
399,2013-02-16,Acoustic,,,1,0,Acoustic
400,2013-02-17,Acoustic,,,1,0,Acoustic
401,2013-02-18,Acoustic,,,1,0,Acoustic
402,2013-02-19,Acoustic,Whale,,2,0,AcousticWhale
403,2013-02-20,Acoustic,,,1,0,Acoustic
404,2013-02-21,Acoustic,,,1,0,Acoustic
405,2013-02-22,Acoustic,,,1,0,Acoustic
406,2013-02-23,Acoustic,Whale,,2,0,AcousticWhale
407,2013-02-24,Acoustic,,,1,0,Acoustic
408,2013-02-25,Acoustic,,,1,0,Acoustic
409,2013-02-26,Acoustic,Whale,,2,0,AcousticWhale
410,2013-02-27,Acoustic,,,1,0,Acoustic
411,2013-02-28,Acoustic,,,1,0,Acoustic
412,2013-03-01,Acoustic,,,1,0,Acoustic
413,2013-03-02,Acoustic,,,1,0,Acoustic
414,2013-03-03,Acoustic,,,1,0,Acoustic
415,2013-03-04,Acoustic,,,1,0,Acoustic
416,2013-03-05,Acoustic,,,1,0,Acoustic
417,2013-03-06,Acoustic,,,1,0,Acoustic
418,2013-03-07,Acoustic,,,1,0,Acoustic
419,2013-03-08,Acoustic,,,1,0,Acoustic
420,2013-03-09,Acoustic,,,1,0,Acoustic
421,2013-03-10,Acoustic,,,1,0,Acoustic
422,2013-03-11,Acoustic,Whale,Zooplankton,3,1,AcousticWhaleZooplankton
423,2013-03-12,Acoustic,,,1,0,Acoustic
424,2013-03-13,Acoustic,Whale,,2,0,AcousticWhale
425,2013-03-14,Acoustic,,,1,0,Acoustic
426,2013-03-15,Acoustic,,,1,0,Acoustic
427,2013-03-16,Acoustic,,,1,0,Acoustic
428,2013-03-17,Acoustic,,,1,0,Acoustic
429,2013-03-18,Acoustic,Whale,Zooplankton,3,1,AcousticWhaleZooplankton
430,2013-03-19,Acoustic,,,1,0,Acoustic
431,2013-03-20,Acoustic,,,1,0,Acoustic
432,2013-03-21,Acoustic,Whale,,2,0,AcousticWhale
433,2013-03-22,Acoustic,,,1,0,Acoustic
434,2013-03-23,Acoustic,,,1,0,Acoustic
435,2013-03-24,Acoustic,,,1,0,Acoustic
436,2013-03-25,Acoustic,,,1,0,Acoustic
437,2013-03-26,Acoustic,,,1,0,Acoustic
438,2013-03-27,Acoustic,Whale,,2,0,AcousticWhale
439,2013-03-28,Acoustic,,,1,0,Acoustic
440,2013-03-29,Acoustic,Whale,,2,0,AcousticWhale
441,2013-03-30,Acoustic,Whale,,2,0,AcousticWhale
442,2013-03-31,Acoustic,,,1,0,Acoustic
443,2013-04-01,Acoustic,,,1,0,Acoustic
444,2013-04-02,Acoustic,,,1,0,Acoustic
445,2013-04-03,Acoustic,,,1,0,Acoustic
446,2013-04-04,Acoustic,Whale,,2,0,AcousticWhale
447,2013-04-05,Acoustic,,,1,0,Acoustic
448,2013-04-06,Acoustic,,,1,0,Acoustic
449,2013-04-07,Acoustic,,,1,0,Acoustic
450,2013-04-08,Acoustic,Whale,Zooplankton,3,1,AcousticWhaleZooplankton
451,2013-04-09,Acoustic,,,1,0,Acoustic
452,2013-04-10,Acoustic,Whale,,2,0,AcousticWhale
453,2013-04-11,Acoustic,Whale,,2,0,AcousticWhale
454,2013-04-12,Acoustic,,,1,0,Acoustic
455,2013-04-13,Acoustic,Whale,,2,0,AcousticWhale
456,2013-04-14,Acoustic,Whale,,2,0,AcousticWhale
457,2013-04-15,Acoustic,Whale,Zooplankton,3,1,AcousticWhaleZooplankton
458,2013-04-16,Acoustic,,,1,0,Acoustic
459,2013-04-17,Acoustic,Whale,,2,0,AcousticWhale
460,2013-04-18,Acoustic,Whale,,2,0,AcousticWhale
461,2013-04-19,Acoustic,,,1,0,Acoustic
462,2013-04-20,Acoustic,,,1,0,Acoustic
463,2013-04-21,Acoustic,Whale,,2,0,AcousticWhale
464,2013-04-22,Acoustic,,,1,0,Acoustic
465,2013-04-23,Acoustic,Whale,,2,0,AcousticWhale
466,2013-04-24,Acoustic,,,1,0,Acoustic
467,2013-04-25,Acoustic,,,1,0,Acoustic
468,2013-04-26,Acoustic,Whale,Zooplankton,3,1,AcousticWhaleZooplankton
469,2013-04-27,Acoustic,Whale,,2,0,AcousticWhale
470,2013-04-28,Acoustic,Whale,,2,0,AcousticWhale
471,2013-04-29,Acoustic,Whale,Zooplankton,3,1,AcousticWhaleZooplankton
472,2013-04-30,Acoustic,Whale,,2,0,AcousticWhale
473,2013-05-01,Acoustic,Whale,Zooplankton,3,1,AcousticWhaleZooplankton
474,2013-05-02,Acoustic,,,1,0,Acoustic
475,2013-05-03,Acoustic,,,1,0,Acoustic
476,2013-05-04,Acoustic,,,1,0,Acoustic
477,2013-05-05,Acoustic,,Zooplankton,2,0,AcousticZooplankton
478,2013-05-06,Acoustic,,,1,0,Acoustic
479,2013-10-31,,Whale,,1,0,Whale
480,2013-12-29,,Whale,,1,0,Whale
481,2014-01-05,,Whale,,1,0,Whale
482,2014-01-10,,Whale,,1,0,Whale
483,2014-01-16,,Whale,,1,0,Whale
484,2014-01-17,,Whale,,1,0,Whale
485,2014-02-01,,Whale,,1,0,Whale
486,2014-02-08,,Whale,,1,0,Whale
487,2014-02-12,,Whale,,1,0,Whale
488,2014-02-20,,Whale,,1,0,Whale
489,2014-02-23,,Whale,,1,0,Whale
490,2014-03-01,Acoustic,Whale,,2,0,AcousticWhale
491,2014-03-02,Acoustic,,,1,0,Acoustic
492,2014-03-03,Acoustic,,,1,0,Acoustic
493,2014-03-04,Acoustic,Whale,Zooplankton,3,1,AcousticWhaleZooplankton
494,2014-03-05,Acoustic,,,1,0,Acoustic
495,2014-03-06,Acoustic,,,1,0,Acoustic
496,2014-03-07,Acoustic,Whale,,2,0,AcousticWhale
497,2014-03-08,Acoustic,Whale,,2,0,AcousticWhale
498,2014-03-09,Acoustic,,,1,0,Acoustic
499,2014-03-10,Acoustic,Whale,,2,0,AcousticWhale
500,2014-03-11,Acoustic,,,1,0,Acoustic
501,2014-03-12,Acoustic,Whale,,2,0,AcousticWhale
502,2014-03-13,Acoustic,,,1,0,Acoustic
503,2014-03-14,Acoustic,Whale,,2,0,AcousticWhale
504,2014-03-15,Acoustic,,,1,0,Acoustic
505,2014-03-16,Acoustic,,,1,0,Acoustic
506,2014-03-17,Acoustic,Whale,,2,0,AcousticWhale
507,2014-03-18,Acoustic,Whale,,2,0,AcousticWhale
508,2014-03-19,Acoustic,Whale,,2,0,AcousticWhale
509,2014-03-20,Acoustic,,,1,0,Acoustic
510,2014-03-21,Acoustic,,,1,0,Acoustic
511,2014-03-22,Acoustic,,,1,0,Acoustic
512,2014-03-23,Acoustic,Whale,,2,0,AcousticWhale
513,2014-03-24,Acoustic,,,1,0,Acoustic
514,2014-03-25,Acoustic,Whale,Zooplankton,3,1,AcousticWhaleZooplankton
515,2014-03-26,Acoustic,,,1,0,Acoustic
516,2014-03-27,Acoustic,,,1,0,Acoustic
517,2014-03-28,Acoustic,,,1,0,Acoustic
518,2014-03-29,Acoustic,,,1,0,Acoustic
519,2014-03-30,Acoustic,,,1,0,Acoustic
520,2014-03-31,Acoustic,,,1,0,Acoustic
521,2014-04-01,Acoustic,,,1,0,Acoustic
522,2014-04-02,Acoustic,Whale,Zooplankton,3,1,AcousticWhaleZooplankton
523,2014-04-03,Acoustic,,,1,0,Acoustic
524,2014-04-04,Acoustic,Whale,Zooplankton,3,1,AcousticWhaleZooplankton
525,2014-04-05,Acoustic,,,1,0,Acoustic
526,2014-04-06,Acoustic,Whale,,2,0,AcousticWhale
527,2014-04-07,Acoustic,Whale,,2,0,AcousticWhale
528,2014-04-08,Acoustic,,,1,0,Acoustic
529,2014-04-09,Acoustic,Whale,Zooplankton,3,1,AcousticWhaleZooplankton
530,2014-04-10,Acoustic,,,1,0,Acoustic
531,2014-04-11,Acoustic,,,1,0,Acoustic
532,2014-04-12,Acoustic,Whale,Zooplankton,3,1,AcousticWhaleZooplankton
533,2014-04-13,Acoustic,,,1,0,Acoustic
534,2014-04-14,Acoustic,,,1,0,Acoustic
535,2014-04-15,Acoustic,,,1,0,Acoustic
536,2014-04-16,Acoustic,,,1,0,Acoustic
537,2014-04-17,Acoustic,Whale,,2,0,AcousticWhale
538,2014-04-18,Acoustic,Whale,Zooplankton,3,1,AcousticWhaleZooplankton
539,2014-04-19,Acoustic,Whale,,2,0,AcousticWhale
540,2014-04-20,Acoustic,,,1,0,Acoustic
541,2014-04-21,Acoustic,Whale,Zooplankton,3,1,AcousticWhaleZooplankton
542,2014-04-22,Acoustic,,,1,0,Acoustic
543,2014-04-23,Acoustic,,,1,0,Acoustic
544,2014-04-24,Acoustic,,,1,0,Acoustic
545,2014-04-25,Acoustic,Whale,Zooplankton,3,1,AcousticWhaleZooplankton
546,2014-04-26,Acoustic,,,1,0,Acoustic
547,2014-04-27,Acoustic,,,1,0,Acoustic
548,2014-04-28,Acoustic,,,1,0,Acoustic
549,2014-04-29,Acoustic,,,1,0,Acoustic
550,2014-04-30,Acoustic,,,1,0,Acoustic
551,2014-05-01,Acoustic,,,1,0,Acoustic
552,2014-05-02,Acoustic,,,1,0,Acoustic
553,2014-05-03,Acoustic,,,1,0,Acoustic
554,2014-05-04,Acoustic,,,1,0,Acoustic
555,2014-05-05,Acoustic,,,1,0,Acoustic
556,2014-05-06,Acoustic,,,1,0,Acoustic
557,2014-05-07,Acoustic,,,1,0,Acoustic
558,2014-05-08,Acoustic,,,1,0,Acoustic
559,2014-05-09,Acoustic,,,1,0,Acoustic
560,2014-05-10,Acoustic,,,1,0,Acoustic
561,2014-05-11,Acoustic,,,1,0,Acoustic
562,2014-05-12,Acoustic,,,1,0,Acoustic
563,2014-05-13,Acoustic,,,1,0,Acoustic
564,2014-05-14,Acoustic,,,1,0,Acoustic
565,2014-05-15,Acoustic,,,1,0,Acoustic
566,2014-05-16,Acoustic,,,1,0,Acoustic
567,2014-05-17,Acoustic,,,1,0,Acoustic
568,2014-05-18,Acoustic,,,1,0,Acoustic
569,2014-05-19,Acoustic,,,1,0,Acoustic
570,2014-05-20,Acoustic,,,1,0,Acoustic
571,2014-05-21,Acoustic,,,1,0,Acoustic
572,2014-12-22,,Whale,,1,0,Whale
573,2015-01-11,,Whale,,1,0,Whale
574,2015-01-21,,Whale,,1,0,Whale
575,2015-01-23,,Whale,,1,0,Whale
576,2015-02-12,,Whale,,1,0,Whale
577,2015-02-17,Acoustic,,,1,0,Acoustic
578,2015-02-18,Acoustic,Whale,Zooplankton,3,1,AcousticWhaleZooplankton
579,2015-02-19,Acoustic,,,1,0,Acoustic
580,2015-02-20,Acoustic,,,1,0,Acoustic
581,2015-02-21,Acoustic,,,1,0,Acoustic
582,2015-02-22,Acoustic,,,1,0,Acoustic
583,2015-02-23,Acoustic,,,1,0,Acoustic
584,2015-02-24,Acoustic,Whale,,2,0,AcousticWhale
585,2015-02-25,Acoustic,,,1,0,Acoustic
586,2015-02-26,Acoustic,,,1,0,Acoustic
587,2015-02-27,Acoustic,,,1,0,Acoustic
588,2015-02-28,Acoustic,Whale,,2,0,AcousticWhale
589,2015-03-01,Acoustic,,,1,0,Acoustic
590,2015-03-02,Acoustic,,,1,0,Acoustic
591,2015-03-03,Acoustic,Whale,,2,0,AcousticWhale
592,2015-03-04,Acoustic,,,1,0,Acoustic
593,2015-03-05,Acoustic,,,1,0,Acoustic
594,2015-03-06,Acoustic,Whale,,2,0,AcousticWhale
595,2015-03-07,Acoustic,Whale,,2,0,AcousticWhale
596,2015-03-08,Acoustic,,,1,0,Acoustic
597,2015-03-09,Acoustic,,,1,0,Acoustic
598,2015-03-10,Acoustic,Whale,,2,0,AcousticWhale
599,2015-03-11,Acoustic,,,1,0,Acoustic
600,2015-03-12,Acoustic,,,1,0,Acoustic
601,2015-03-13,Acoustic,,,1,0,Acoustic
602,2015-03-14,Acoustic,,,1,0,Acoustic
603,2015-03-15,Acoustic,,,1,0,Acoustic
604,2015-03-16,Acoustic,,,1,0,Acoustic
605,2015-03-17,Acoustic,,,1,0,Acoustic
606,2015-03-18,Acoustic,,,1,0,Acoustic
607,2015-03-19,Acoustic,,,1,0,Acoustic
608,2015-03-20,Acoustic,Whale,Zooplankton,3,1,AcousticWhaleZooplankton
609,2015-03-21,Acoustic,,,1,0,Acoustic
610,2015-03-22,Acoustic,,,1,0,Acoustic
611,2015-03-23,Acoustic,,,1,0,Acoustic
612,2015-03-24,Acoustic,,,1,0,Acoustic
613,2015-03-25,Acoustic,,,1,0,Acoustic
614,2015-03-26,Acoustic,,,1,0,Acoustic
615,2015-03-27,Acoustic,,,1,0,Acoustic
616,2015-03-28,Acoustic,,,1,0,Acoustic
617,2015-03-29,Acoustic,,,1,0,Acoustic
618,2015-03-30,Acoustic,,,1,0,Acoustic
619,2015-03-31,Acoustic,,,1,0,Acoustic
620,2015-04-01,Acoustic,,,1,0,Acoustic
621,2015-04-02,Acoustic,,,1,0,Acoustic
622,2015-04-03,Acoustic,,,1,0,Acoustic
623,2015-04-04,Acoustic,,,1,0,Acoustic
624,2015-04-05,Acoustic,,,1,0,Acoustic
625,2015-04-06,Acoustic,Whale,Zooplankton,3,1,AcousticWhaleZooplankton
626,2015-04-07,Acoustic,,,1,0,Acoustic
627,2015-04-08,Acoustic,,,1,0,Acoustic
628,2015-04-09,Acoustic,,,1,0,Acoustic
629,2015-04-10,Acoustic,,,1,0,Acoustic
630,2015-04-11,Acoustic,,,1,0,Acoustic
631,2015-04-12,Acoustic,Whale,,2,0,AcousticWhale
632,2015-04-13,Acoustic,,,1,0,Acoustic
633,2015-04-14,Acoustic,,,1,0,Acoustic
634,2015-04-15,Acoustic,Whale,Zooplankton,3,1,AcousticWhaleZooplankton
635,2015-04-16,Acoustic,Whale,,2,0,AcousticWhale
636,2015-04-17,Acoustic,,,1,0,Acoustic
637,2015-04-18,Acoustic,Whale,Zooplankton,3,1,AcousticWhaleZooplankton
638,2015-04-19,Acoustic,Whale,,2,0,AcousticWhale
639,2015-04-20,Acoustic,,,1,0,Acoustic
640,2015-04-21,Acoustic,Whale,,2,0,AcousticWhale
641,2015-04-22,Acoustic,Whale,,2,0,AcousticWhale
642,2015-04-23,Acoustic,,,1,0,Acoustic
643,2015-04-24,Acoustic,,,1,0,Acoustic
644,2015-04-25,Acoustic,Whale,,2,0,AcousticWhale
645,2015-04-26,Acoustic,Whale,,2,0,AcousticWhale
646,2015-04-27,Acoustic,Whale,Zooplankton,3,1,AcousticWhaleZooplankton
647,2015-04-28,Acoustic,,,1,0,Acoustic
648,2015-04-29,Acoustic,Whale,,2,0,AcousticWhale
649,2015-04-30,Acoustic,Whale,,2,0,AcousticWhale
650,2015-05-01,Acoustic,Whale,,2,0,AcousticWhale
651,2015-05-02,Acoustic,Whale,,2,0,AcousticWhale
652,2015-05-03,Acoustic,Whale,,2,0,AcousticWhale
653,2015-05-04,Acoustic,Whale,,2,0,AcousticWhale
654,2015-05-05,Acoustic,,,1,0,Acoustic
655,2015-05-06,Acoustic,Whale,Zooplankton,3,1,AcousticWhaleZooplankton
656,2015-05-07,Acoustic,Whale,,2,0,AcousticWhale
657,2015-05-08,Acoustic,Whale,Zooplankton,3,1,AcousticWhaleZooplankton
658,2015-05-09,Acoustic,Whale,,2,0,AcousticWhale
659,2015-05-10,Acoustic,,,1,0,Acoustic
660,2015-05-11,Acoustic,Whale,,2,0,AcousticWhale
661,2015-05-12,Acoustic,,,1,0,Acoustic
662,2015-05-13,Acoustic,,,1,0,Acoustic
663,2015-05-14,Acoustic,,,1,0,Acoustic
664,2015-05-15,Acoustic,,,1,0,Acoustic
665,2015-05-16,Acoustic,,,1,0,Acoustic
666,2015-05-17,Acoustic,,,1,0,Acoustic
667,2015-05-18,Acoustic,,,1,0,Acoustic
668,2015-05-19,Acoustic,,,1,0,Acoustic
669,2015-05-20,Acoustic,,,1,0,Acoustic
670,2015-05-21,Acoustic,,,1,0,Acoustic
671,2015-07-23,,Whale,,1,0,Whale
672,2015-08-29,,Whale,,1,0,Whale
673,2015-08-30,,Whale,,1,0,Whale
674,2015-09-02,,Whale,,1,0,Whale
675,2016-01-07,,Whale,,1,0,Whale
676,2016-01-15,,Whale,,1,0,Whale
677,2016-01-30,,Whale,,1,0,Whale
678,2016-02-07,,Whale,,1,0,Whale
679,2016-02-12,,Whale,,1,0,Whale
680,2016-02-15,Acoustic,,,1,0,Acoustic
681,2016-02-16,Acoustic,,,1,0,Acoustic
682,2016-02-17,Acoustic,Whale,,2,0,AcousticWhale
683,2016-02-18,Acoustic,,,1,0,Acoustic
684,2016-02-19,Acoustic,Whale,,2,0,AcousticWhale
685,2016-02-20,Acoustic,,,1,0,Acoustic
686,2016-02-21,Acoustic,Whale,,2,0,AcousticWhale
687,2016-02-22,Acoustic,,,1,0,Acoustic
688,2016-02-23,Acoustic,,,1,0,Acoustic
689,2016-02-24,Acoustic,,,1,0,Acoustic
690,2016-02-25,Acoustic,,,1,0,Acoustic
691,2016-02-26,Acoustic,,,1,0,Acoustic
692,2016-02-27,Acoustic,Whale,,2,0,AcousticWhale
693,2016-02-28,Acoustic,,,1,0,Acoustic
694,2016-02-29,Acoustic,,,1,0,Acoustic
695,2016-03-01,Acoustic,Whale,,2,0,AcousticWhale
696,2016-03-02,Acoustic,,,1,0,Acoustic
697,2016-03-03,Acoustic,,,1,0,Acoustic
698,2016-03-04,Acoustic,Whale,,2,0,AcousticWhale
699,2016-03-05,Acoustic,,,1,0,Acoustic
700,2016-03-06,Acoustic,Whale,,2,0,AcousticWhale
701,2016-03-07,Acoustic,,,1,0,Acoustic
702,2016-03-08,Acoustic,Whale,Zooplankton,3,1,AcousticWhaleZooplankton
703,2016-03-09,Acoustic,,,1,0,Acoustic
704,2016-03-10,Acoustic,Whale,,2,0,AcousticWhale
705,2016-03-11,Acoustic,,,1,0,Acoustic
706,2016-03-12,Acoustic,,,1,0,Acoustic
707,2016-03-13,Acoustic,,,1,0,Acoustic
708,2016-03-14,Acoustic,,,1,0,Acoustic
709,2016-03-15,Acoustic,,,1,0,Acoustic
710,2016-03-16,Acoustic,,,1,0,Acoustic
711,2016-03-17,Acoustic,Whale,,2,0,AcousticWhale
712,2016-03-18,Acoustic,,,1,0,Acoustic
713,2016-03-19,Acoustic,Whale,,2,0,AcousticWhale
714,2016-03-20,Acoustic,,,1,0,Acoustic
715,2016-03-21,Acoustic,,,1,0,Acoustic
716,2016-03-22,Acoustic,,,1,0,Acoustic
717,2016-03-23,Acoustic,Whale,,2,0,AcousticWhale
718,2016-03-24,Acoustic,,,1,0,Acoustic
719,2016-03-25,Acoustic,,,1,0,Acoustic
720,2016-03-26,Acoustic,,,1,0,Acoustic
721,2016-03-27,Acoustic,Whale,,2,0,AcousticWhale
722,2016-03-28,Acoustic,,,1,0,Acoustic
723,2016-03-29,Acoustic,,,1,0,Acoustic
724,2016-03-30,Acoustic,Whale,Zooplankton,3,1,AcousticWhaleZooplankton
725,2016-03-31,Acoustic,,,1,0,Acoustic
726,2016-04-01,Acoustic,Whale,,2,0,AcousticWhale
727,2016-04-02,Acoustic,Whale,,2,0,AcousticWhale
728,2016-04-03,Acoustic,,,1,0,Acoustic
729,2016-04-04,Acoustic,,,1,0,Acoustic
730,2016-04-05,Acoustic,,,1,0,Acoustic
731,2016-04-06,Acoustic,Whale,Zooplankton,3,1,AcousticWhaleZooplankton
732,2016-04-07,Acoustic,,,1,0,Acoustic
733,2016-04-08,Acoustic,,,1,0,Acoustic
734,2016-04-09,Acoustic,Whale,Zooplankton,3,1,AcousticWhaleZooplankton
735,2016-04-10,Acoustic,,,1,0,Acoustic
736,2016-04-11,Acoustic,,,1,0,Acoustic
737,2016-04-12,Acoustic,,,1,0,Acoustic
738,2016-04-13,Acoustic,Whale,,2,0,AcousticWhale
739,2016-04-14,Acoustic,,,1,0,Acoustic
740,2016-04-15,Acoustic,,,1,0,Acoustic
741,2016-04-16,Acoustic,,,1,0,Acoustic
742,2016-04-17,Acoustic,Whale,,2,0,AcousticWhale
743,2016-04-18,Acoustic,Whale,Zooplankton,3,1,AcousticWhaleZooplankton
744,2016-04-19,Acoustic,Whale,,2,0,AcousticWhale
745,2016-04-20,Acoustic,,,1,0,Acoustic
746,2016-04-21,Acoustic,Whale,,2,0,AcousticWhale
747,2016-04-22,Acoustic,Whale,,2,0,AcousticWhale
748,2016-04-23,Acoustic,,,1,0,Acoustic
749,2016-04-24,Acoustic,,,1,0,Acoustic
750,2016-04-25,Acoustic,Whale,Zooplankton,3,1,AcousticWhaleZooplankton
751,2016-04-26,Acoustic,,,1,0,Acoustic
752,2016-04-27,Acoustic,Whale,Zooplankton,3,1,AcousticWhaleZooplankton
753,2016-04-28,Acoustic,Whale,,2,0,AcousticWhale
754,2016-04-29,Acoustic,Whale,Zooplankton,3,1,AcousticWhaleZooplankton
755,2016-04-30,Acoustic,Whale,,2,0,AcousticWhale
756,2016-05-01,Acoustic,,,1,0,Acoustic
757,2016-05-02,Acoustic,,,1,0,Acoustic
758,2016-05-03,Acoustic,,,1,0,Acoustic
759,2016-05-04,Acoustic,,,1,0,Acoustic
760,2016-05-05,Acoustic,,,1,0,Acoustic
761,2016-05-06,Acoustic,,,1,0,Acoustic
762,2016-05-07,Acoustic,,,1,0,Acoustic
763,2016-05-08,Acoustic,,,1,0,Acoustic
764,2016-05-09,Acoustic,,,1,0,Acoustic
765,2016-05-10,Acoustic,,,1,0,Acoustic
766,2016-05-11,Acoustic,,,1,0,Acoustic
767,2016-05-12,Acoustic,,,1,0,Acoustic
768,2016-05-13,Acoustic,,,1,0,Acoustic
769,2016-05-14,Acoustic,,,1,0,Acoustic
770,2016-05-15,Acoustic,,,1,0,Acoustic
771,2016-05-16,Acoustic,,,1,0,Acoustic
772,2016-05-17,Acoustic,,,1,0,Acoustic
773,2016-05-18,Acoustic,,,1,0,Acoustic
774,2016-05-19,Acoustic,,,1,0,Acoustic
775,2016-05-20,Acoustic,,,1,0,Acoustic
776,2016-05-21,Acoustic,,,1,0,Acoustic
777,2016-05-22,Acoustic,,,1,0,Acoustic
778,2016-05-23,Acoustic,,,1,0,Acoustic
779,2016-05-24,Acoustic,,,1,0,Acoustic
780,2016-05-25,Acoustic,,,1,0,Acoustic
781,2017-01-17,,Whale,,1,0,Whale
782,2017-01-19,,Whale,,1,0,Whale
783,2017-01-30,,Whale,,1,0,Whale
784,2017-02-03,,Whale,,1,0,Whale
785,2017-02-14,,Whale,,1,0,Whale
786,2017-02-19,,Whale,,1,0,Whale
787,2017-02-21,Acoustic,Whale,,2,0,AcousticWhale
788,2017-02-22,Acoustic,,,1,0,Acoustic
789,2017-02-23,Acoustic,Whale,,2,0,AcousticWhale
790,2017-02-24,Acoustic,Whale,,2,0,AcousticWhale
791,2017-02-25,Acoustic,,,1,0,Acoustic
792,2017-02-26,Acoustic,,,1,0,Acoustic
793,2017-02-27,Acoustic,,,1,0,Acoustic
794,2017-02-28,Acoustic,Whale,Zooplankton,3,1,AcousticWhaleZooplankton
795,2017-03-01,Acoustic,,,1,0,Acoustic
796,2017-03-02,Acoustic,,,1,0,Acoustic
797,2017-03-03,Acoustic,,,1,0,Acoustic
798,2017-03-04,Acoustic,,,1,0,Acoustic
799,2017-03-05,Acoustic,,,1,0,Acoustic
800,2017-03-06,Acoustic,Whale,,2,0,AcousticWhale
801,2017-03-07,Acoustic,,,1,0,Acoustic
802,2017-03-08,Acoustic,,,1,0,Acoustic
803,2017-03-09,Acoustic,,,1,0,Acoustic
804,2017-03-10,Acoustic,,,1,0,Acoustic
805,2017-03-11,Acoustic,,,1,0,Acoustic
806,2017-03-12,Acoustic,,,1,0,Acoustic
807,2017-03-13,Acoustic,,,1,0,Acoustic
808,2017-03-14,Acoustic,Whale,,2,0,AcousticWhale
809,2017-03-15,Acoustic,,,1,0,Acoustic
810,2017-03-16,Acoustic,,,1,0,Acoustic
811,2017-03-17,Acoustic,,,1,0,Acoustic
812,2017-03-18,Acoustic,Whale,Zooplankton,3,1,AcousticWhaleZooplankton
813,2017-03-19,Acoustic,,,1,0,Acoustic
814,2017-03-20,Acoustic,,,1,0,Acoustic
815,2017-03-21,Acoustic,Whale,,2,0,AcousticWhale
816,2017-03-22,Acoustic,,,1,0,Acoustic
817,2017-03-23,Acoustic,,,1,0,Acoustic
818,2017-03-24,Acoustic,,,1,0,Acoustic
819,2017-03-25,Acoustic,Whale,,2,0,AcousticWhale
820,2017-03-26,Acoustic,,,1,0,Acoustic
821,2017-03-27,Acoustic,,,1,0,Acoustic
822,2017-03-28,Acoustic,Whale,,2,0,AcousticWhale
823,2017-03-29,Acoustic,,,1,0,Acoustic
824,2017-03-30,Acoustic,,,1,0,Acoustic
825,2017-03-31,Acoustic,Whale,Zooplankton,3,1,AcousticWhaleZooplankton
826,2017-04-01,Acoustic,,,1,0,Acoustic
827,2017-04-02,Acoustic,,,1,0,Acoustic
828,2017-04-03,Acoustic,Whale,Zooplankton,3,1,AcousticWhaleZooplankton
829,2017-04-04,Acoustic,,,1,0,Acoustic
830,2017-04-05,Acoustic,,,1,0,Acoustic
831,2017-04-06,Acoustic,,,1,0,Acoustic
832,2017-04-07,Acoustic,,,1,0,Acoustic
833,2017-04-08,Acoustic,,,1,0,Acoustic
834,2017-04-09,Acoustic,Whale,Zooplankton,3,1,AcousticWhaleZooplankton
835,2017-04-10,Acoustic,,,1,0,Acoustic
836,2017-04-11,Acoustic,Whale,,2,0,AcousticWhale
837,2017-04-12,Acoustic,Whale,Zooplankton,3,1,AcousticWhaleZooplankton
838,2017-04-13,Acoustic,Whale,,2,0,AcousticWhale
839,2017-04-14,Acoustic,Whale,Zooplankton,3,1,AcousticWhaleZooplankton
840,2017-04-15,Acoustic,Whale,,2,0,AcousticWhale
841,2017-04-16,Acoustic,,,1,0,Acoustic
842,2017-04-17,Acoustic,Whale,,2,0,AcousticWhale
843,2017-04-18,Acoustic,Whale,Zooplankton,3,1,AcousticWhaleZooplankton
844,2017-04-19,Acoustic,Whale,,2,0,AcousticWhale
845,2017-04-20,Acoustic,Whale,,2,0,AcousticWhale
846,2017-04-21,Acoustic,,,1,0,Acoustic
847,2017-04-22,Acoustic,,,1,0,Acoustic
848,2017-04-23,Acoustic,Whale,,2,0,AcousticWhale
849,2017-04-24,Acoustic,Whale,,2,0,AcousticWhale
850,2017-04-25,Acoustic,,,1,0,Acoustic
851,2017-04-26,Acoustic,,,1,0,Acoustic
852,2017-04-27,Acoustic,Whale,,2,0,AcousticWhale
853,2017-04-28,Acoustic,,,1,0,Acoustic
854,2017-04-29,Acoustic,,,1,0,Acoustic
855,2017-04-30,Acoustic,Whale,,2,0,AcousticWhale
856,2017-05-01,Acoustic,Whale,,2,0,AcousticWhale
857,2017-05-02,Acoustic,,,1,0,Acoustic
858,2017-05-03,Acoustic,,,1,0,Acoustic
859,2017-05-04,Acoustic,Whale,Zooplankton,3,1,AcousticWhaleZooplankton
860,2017-05-05,Acoustic,,,1,0,Acoustic
861,2017-05-06,Acoustic,,,1,0,Acoustic
862,2017-05-07,Acoustic,,,1,0,Acoustic
863,2017-05-08,Acoustic,,,1,0,Acoustic
864,2017-05-09,Acoustic,,Zooplankton,2,0,AcousticZooplankton
865,2017-05-10,Acoustic,,,1,0,Acoustic
866,2017-05-11,Acoustic,,,1,0,Acoustic
867,2017-05-12,Acoustic,,,1,0,Acoustic
868,2017-05-13,Acoustic,,,1,0,Acoustic
869,2017-05-14,Acoustic,,,1,0,Acoustic
870,2017-05-15,Acoustic,,,1,0,Acoustic
871,2017-05-16,Acoustic,,,1,0,Acoustic
872,2017-12-24,,Whale,,1,0,Whale
873,2018-01-16,,Whale,,1,0,Whale
874,2018-01-19,,Whale,,1,0,Whale
875,2018-02-06,,Whale,,1,0,Whale
876,2018-02-13,Acoustic,Whale,,2,0,AcousticWhale
877,2018-02-14,Acoustic,,,1,0,Acoustic
878,2018-02-15,Acoustic,Whale,,2,0,AcousticWhale
879,2018-02-16,Acoustic,,,1,0,Acoustic
880,2018-02-17,Acoustic,Whale,,2,0,AcousticWhale
881,2018-02-18,Acoustic,,,1,0,Acoustic
882,2018-02-19,Acoustic,,,1,0,Acoustic
883,2018-02-20,Acoustic,,,1,0,Acoustic
884,2018-02-21,Acoustic,,,1,0,Acoustic
885,2018-02-22,Acoustic,,,1,0,Acoustic
886,2018-02-23,Acoustic,,,1,0,Acoustic
887,2018-02-24,Acoustic,Whale,Zooplankton,3,1,AcousticWhaleZooplankton
888,2018-02-25,Acoustic,,,1,0,Acoustic
889,2018-02-26,Acoustic,,,1,0,Acoustic
890,2018-02-27,Acoustic,Whale,,2,0,AcousticWhale
891,2018-02-28,Acoustic,,,1,0,Acoustic
892,2018-03-01,Acoustic,Whale,,2,0,AcousticWhale
893,2018-03-02,Acoustic,,,1,0,Acoustic
894,2018-03-03,Acoustic,,,1,0,Acoustic
895,2018-03-04,Acoustic,,,1,0,Acoustic
896,2018-03-05,Acoustic,,,1,0,Acoustic
897,2018-03-06,Acoustic,,,1,0,Acoustic
898,2018-03-07,Acoustic,,,1,0,Acoustic
899,2018-03-08,Acoustic,,,1,0,Acoustic
900,2018-03-09,Acoustic,,,1,0,Acoustic
901,2018-03-10,Acoustic,,,1,0,Acoustic
902,2018-03-11,Acoustic,,,1,0,Acoustic
903,2018-03-12,Acoustic,Whale,Zooplankton,3,1,AcousticWhaleZooplankton
904,2018-03-13,Acoustic,,,1,0,Acoustic
905,2018-03-14,Acoustic,,,1,0,Acoustic
906,2018-03-15,Acoustic,,,1,0,Acoustic
907,2018-03-16,Acoustic,,,1,0,Acoustic
908,2018-03-17,Acoustic,,,1,0,Acoustic
909,2018-03-18,Acoustic,,,1,0,Acoustic
910,2018-03-19,Acoustic,,,1,0,Acoustic
911,2018-03-20,Acoustic,Whale,Zooplankton,3,1,AcousticWhaleZooplankton
912,2018-03-21,Acoustic,,,1,0,Acoustic
913,2018-03-22,Acoustic,,,1,0,Acoustic
914,2018-03-23,Acoustic,,,1,0,Acoustic
915,2018-03-24,Acoustic,Whale,,2,0,AcousticWhale
916,2018-03-25,Acoustic,,,1,0,Acoustic
917,2018-03-26,Acoustic,,,1,0,Acoustic
918,2018-03-27,Acoustic,,,1,0,Acoustic
919,2018-03-28,Acoustic,Whale,Zooplankton,3,1,AcousticWhaleZooplankton
920,2018-03-29,Acoustic,Whale,,2,0,AcousticWhale
921,2018-03-30,Acoustic,,,1,0,Acoustic
922,2018-03-31,Acoustic,,,1,0,Acoustic
923,2018-04-01,Acoustic,,,1,0,Acoustic
924,2018-04-02,Acoustic,Whale,,2,0,AcousticWhale
925,2018-04-03,Acoustic,Whale,,2,0,AcousticWhale
926,2018-04-04,Acoustic,,,1,0,Acoustic
927,2018-04-05,Acoustic,,,1,0,Acoustic
928,2018-04-06,Acoustic,,,1,0,Acoustic
929,2018-04-07,Acoustic,,,1,0,Acoustic
930,2018-04-08,Acoustic,,,1,0,Acoustic
931,2018-04-09,Acoustic,,,1,0,Acoustic
932,2018-04-10,Acoustic,Whale,,2,0,AcousticWhale
933,2018-04-11,Acoustic,Whale,Zooplankton,3,1,AcousticWhaleZooplankton
934,2018-04-12,Acoustic,,,1,0,Acoustic
935,2018-04-13,Acoustic,Whale,Zooplankton,3,1,AcousticWhaleZooplankton
936,2018-04-14,Acoustic,,,1,0,Acoustic
937,2018-04-15,Acoustic,,,1,0,Acoustic
938,2018-04-16,Acoustic,,,1,0,Acoustic
939,2018-04-17,Acoustic,,,1,0,Acoustic
940,2018-04-18,Acoustic,,,1,0,Acoustic
941,2018-04-19,Acoustic,,,1,0,Acoustic
942,2018-04-20,Acoustic,,,1,0,Acoustic
943,2018-04-21,Acoustic,Whale,,2,0,AcousticWhale
944,2018-04-22,Acoustic,Whale,Zooplankton,3,1,AcousticWhaleZooplankton
945,2018-04-23,Acoustic,Whale,,2,0,AcousticWhale
946,2018-04-24,Acoustic,,,1,0,Acoustic
947,2018-04-25,Acoustic,,,1,0,Acoustic
948,2018-04-26,Acoustic,Whale,,2,0,AcousticWhale
949,2018-04-27,Acoustic,Whale,Zooplankton,3,1,AcousticWhaleZooplankton
950,2018-04-28,Acoustic,Whale,,2,0,AcousticWhale
951,2018-04-29,Acoustic,,,1,0,Acoustic
952,2018-04-30,Acoustic,Whale,Zooplankton,3,1,AcousticWhaleZooplankton
953,2018-05-01,Acoustic,Whale,,2,0,AcousticWhale
954,2018-05-02,Acoustic,,,1,0,Acoustic
955,2018-05-03,Acoustic,Whale,,2,0,AcousticWhale
956,2018-05-04,Acoustic,Whale,,2,0,AcousticWhale
957,2018-05-05,Acoustic,Whale,,2,0,AcousticWhale
958,2018-05-06,Acoustic,Whale,Zooplankton,3,1,AcousticWhaleZooplankton
959,2018-05-07,Acoustic,Whale,,2,0,AcousticWhale
960,2018-05-08,Acoustic,Whale,,2,0,AcousticWhale
961,2018-05-09,Acoustic,Whale,,2,0,AcousticWhale
962,2018-05-10,Acoustic,,,1,0,Acoustic
963,2018-05-11,Acoustic,,,1,0,Acoustic
964,2018-05-12,Acoustic,,,1,0,Acoustic
965,2018-05-13,Acoustic,Whale,,2,0,AcousticWhale
966,2018-05-14,Acoustic,,,1,0,Acoustic
967,2018-05-15,Acoustic,,,1,0,Acoustic
968,2018-05-16,Acoustic,,,1,0,Acoustic
969,2018-05-17,Acoustic,,,1,0,Acoustic
970,2018-05-18,Acoustic,,,1,0,Acoustic
971,2018-05-19,Acoustic,,,1,0,Acoustic
972,2018-05-20,Acoustic,,,1,0,Acoustic
973,2018-05-21,Acoustic,,,1,0,Acoustic
974,2018-05-22,Acoustic,,,1,0,Acoustic
975,2018-05-23,Acoustic,,,1,0,Acoustic
976,2018-05-24,Acoustic,,,1,0,Acoustic
977,2018-05-25,Acoustic,,,1,0,Acoustic
978,2018-05-26,Acoustic,,,1,0,Acoustic
979,2018-05-27,Acoustic,,,1,0,Acoustic
980,2018-05-28,Acoustic,,,1,0,Acoustic
981,2018-05-29,Acoustic,,,1,0,Acoustic
982,2018-05-30,Acoustic,,,1,0,Acoustic
983,2018-12-11,,Whale,,1,0,Whale
984,2018-12-14,,Whale,,1,0,Whale
985,2018-12-19,,Whale,,1,0,Whale
986,2018-12-30,,Whale,,1,0,Whale
