,Date,Acoustic,Whale,Zooplankton,DataCount,Trifecta
0,2008-01-12,,Whale,,1,0
1,2008-01-29,,Whale,,1,0
2,2008-02-03,,Whale,,1,0
3,2008-02-04,,Whale,,1,0
4,2008-02-21,,Whale,,1,0
5,2008-02-23,Acoustic,,,1,0
6,2008-02-24,Acoustic,,,1,0
7,2008-02-25,Acoustic,Whale,,2,0
8,2008-02-26,Acoustic,,,1,0
9,2008-02-27,Acoustic,,,1,0
10,2008-02-28,Acoustic,,,1,0
11,2008-02-29,Acoustic,Whale,,2,0
12,2008-03-01,Acoustic,,,1,0
13,2008-03-02,Acoustic,,,1,0
14,2008-03-03,Acoustic,,,1,0
15,2008-03-04,Acoustic,,,1,0
16,2008-03-05,Acoustic,,,1,0
17,2008-03-06,Acoustic,Whale,,2,0
18,2008-03-07,Acoustic,Whale,,2,0
19,2008-03-08,Acoustic,,,1,0
20,2008-03-09,Acoustic,,,1,0
21,2008-03-10,Acoustic,,,1,0
22,2008-03-11,Acoustic,Whale,,2,0
23,2008-03-12,Acoustic,,,1,0
24,2008-03-13,Acoustic,,,1,0
25,2008-03-14,Acoustic,Whale,,2,0
26,2008-03-15,Acoustic,,,1,0
27,2008-03-16,Acoustic,,,1,0
28,2008-03-17,Acoustic,,,1,0
29,2008-03-18,Acoustic,Whale,,2,0
30,2008-03-19,Acoustic,,,1,0
31,2008-03-20,Acoustic,,,1,0
32,2008-03-21,Acoustic,,,1,0
33,2008-03-22,Acoustic,,,1,0
34,2008-03-23,Acoustic,,,1,0
35,2008-03-24,Acoustic,Whale,,2,0
36,2008-03-25,Acoustic,,,1,0
37,2008-03-26,Acoustic,,,1,0
38,2008-03-27,Acoustic,Whale,,2,0
39,2008-03-28,Acoustic,,,1,0
40,2008-03-29,Acoustic,,,1,0
41,2008-03-30,Acoustic,,,1,0
42,2008-03-31,Acoustic,,,1,0
43,2008-04-01,Acoustic,,,1,0
44,2008-04-02,Acoustic,,,1,0
45,2008-04-03,Acoustic,,,1,0
46,2008-04-04,Acoustic,,,1,0
47,2008-04-05,Acoustic,,,1,0
48,2008-04-06,Acoustic,,,1,0
49,2008-04-07,Acoustic,,,1,0
50,2008-04-08,Acoustic,Whale,,2,0
51,2008-04-09,Acoustic,Whale,,2,0
52,2008-04-10,Acoustic,Whale,,2,0
53,2008-04-11,Acoustic,Whale,,2,0
54,2008-04-12,Acoustic,,,1,0
55,2008-04-13,Acoustic,,,1,0
56,2008-04-14,Acoustic,Whale,,2,0
57,2008-04-15,Acoustic,Whale,,2,0
58,2008-04-16,Acoustic,,,1,0
59,2008-04-17,Acoustic,,,1,0
60,2008-04-18,Acoustic,,,1,0
61,2008-04-19,Acoustic,Whale,,2,0
62,2008-04-20,Acoustic,Whale,,2,0
63,2008-04-21,Acoustic,Whale,,2,0
64,2008-04-22,Acoustic,,,1,0
65,2008-04-23,Acoustic,Whale,,2,0
66,2008-04-24,Acoustic,,,1,0
67,2008-04-25,Acoustic,Whale,,2,0
68,2008-04-26,Acoustic,Whale,,2,0
69,2008-04-27,Acoustic,Whale,,2,0
70,2008-04-28,Acoustic,Whale,,2,0
71,2008-04-29,Acoustic,,,1,0
72,2008-04-30,Acoustic,,,1,0
73,2008-05-01,Acoustic,Whale,,2,0
74,2008-05-02,Acoustic,,,1,0
75,2008-05-03,Acoustic,,,1,0
76,2008-05-04,Acoustic,,,1,0
77,2008-05-05,Acoustic,,,1,0
78,2008-05-06,Acoustic,,,1,0
79,2008-05-07,Acoustic,,,1,0
80,2008-05-08,Acoustic,,,1,0
81,2008-05-09,Acoustic,,,1,0
82,2008-05-10,Acoustic,,,1,0
83,2008-05-11,Acoustic,,,1,0
84,2008-05-12,Acoustic,,,1,0
85,2008-05-13,Acoustic,,,1,0
86,2008-05-14,Acoustic,,,1,0
87,2008-05-15,Acoustic,Whale,,2,0
88,2008-05-16,Acoustic,,,1,0
89,2008-05-17,Acoustic,,,1,0
90,2008-05-18,Acoustic,,,1,0
91,2008-05-19,Acoustic,,,1,0
92,2008-05-20,Acoustic,,,1,0
93,2009-01-26,,Whale,,1,0
94,2009-01-30,,Whale,,1,0
95,2009-02-02,,Whale,,1,0
96,2009-02-11,,Whale,,1,0
97,2009-02-16,,Whale,,1,0
98,2009-02-17,Acoustic,,,1,0
99,2009-02-18,Acoustic,Whale,,2,0
100,2009-02-19,Acoustic,,,1,0
101,2009-02-20,Acoustic,,,1,0
102,2009-02-21,Acoustic,,,1,0
103,2009-02-22,Acoustic,Whale,,2,0
104,2009-02-23,Acoustic,,,1,0
105,2009-02-24,Acoustic,,,1,0
106,2009-02-25,Acoustic,Whale,,2,0
107,2009-02-26,Acoustic,Whale,,2,0
108,2009-02-27,Acoustic,,,1,0
109,2009-02-28,Acoustic,,,1,0
110,2009-03-01,Acoustic,,,1,0
111,2009-03-02,Acoustic,,,1,0
112,2009-03-03,Acoustic,,,1,0
113,2009-03-04,Acoustic,,,1,0
114,2009-03-05,Acoustic,,,1,0
115,2009-03-06,Acoustic,,,1,0
116,2009-03-07,Acoustic,,,1,0
117,2009-03-08,Acoustic,,,1,0
118,2009-03-09,Acoustic,,,1,0
119,2009-03-10,Acoustic,Whale,,2,0
120,2009-03-11,Acoustic,,,1,0
121,2009-03-12,Acoustic,,,1,0
122,2009-03-13,Acoustic,,,1,0
123,2009-03-14,Acoustic,Whale,,2,0
124,2009-03-15,Acoustic,Whale,,2,0
125,2009-03-16,Acoustic,,,1,0
126,2009-03-17,Acoustic,Whale,,2,0
127,2009-03-18,Acoustic,,,1,0
128,2009-03-19,Acoustic,,,1,0
129,2009-03-20,Acoustic,,,1,0
130,2009-03-21,Acoustic,,,1,0
131,2009-03-22,Acoustic,,,1,0
132,2009-03-23,Acoustic,,,1,0
133,2009-03-24,Acoustic,,,1,0
134,2009-03-25,Acoustic,,,1,0
135,2009-03-26,Acoustic,Whale,,2,0
136,2009-03-27,Acoustic,,,1,0
137,2009-03-28,Acoustic,,,1,0
138,2009-03-29,Acoustic,,,1,0
139,2009-03-30,Acoustic,,,1,0
140,2009-03-31,Acoustic,,,1,0
141,2009-04-01,Acoustic,Whale,,2,0
142,2009-04-02,Acoustic,,,1,0
143,2009-04-03,Acoustic,,,1,0
144,2009-04-04,Acoustic,,,1,0
145,2009-04-05,Acoustic,,,1,0
146,2009-04-06,Acoustic,,,1,0
147,2009-04-07,Acoustic,,,1,0
148,2009-04-08,Acoustic,,,1,0
149,2009-04-09,Acoustic,Whale,,2,0
150,2009-04-10,Acoustic,Whale,,2,0
151,2009-04-11,Acoustic,,,1,0
152,2009-04-12,Acoustic,,,1,0
153,2009-04-13,Acoustic,,,1,0
154,2009-04-14,Acoustic,Whale,,2,0
155,2009-04-15,Acoustic,,,1,0
156,2009-04-16,Acoustic,,,1,0
157,2009-04-17,Acoustic,Whale,,2,0
158,2009-04-18,Acoustic,Whale,,2,0
159,2009-04-19,Acoustic,,,1,0
160,2009-04-20,Acoustic,,,1,0
161,2009-04-21,Acoustic,,,1,0
162,2009-04-22,Acoustic,,,1,0
163,2009-04-23,Acoustic,,,1,0
164,2009-04-24,Acoustic,Whale,,2,0
165,2009-04-25,Acoustic,Whale,,2,0
166,2009-04-26,Acoustic,Whale,,2,0
167,2009-04-27,Acoustic,Whale,,2,0
168,2009-04-28,Acoustic,,,1,0
169,2009-04-29,Acoustic,,,1,0
170,2009-04-30,Acoustic,Whale,,2,0
171,2009-05-01,Acoustic,,,1,0
172,2009-05-02,Acoustic,,,1,0
173,2009-05-03,Acoustic,,,1,0
174,2009-05-04,Acoustic,Whale,,2,0
175,2009-05-05,Acoustic,,,1,0
176,2009-05-06,Acoustic,,,1,0
177,2009-05-07,Acoustic,,,1,0
178,2009-05-08,Acoustic,,,1,0
179,2009-05-09,Acoustic,,,1,0
180,2009-05-10,Acoustic,,,1,0
181,2009-05-11,Acoustic,,,1,0
182,2009-05-12,Acoustic,,,1,0
183,2009-05-13,Acoustic,,,1,0
184,2009-05-14,Acoustic,,,1,0
185,2009-05-15,Acoustic,,,1,0
186,2009-05-16,Acoustic,,,1,0
187,2009-09-26,,Whale,,1,0
188,2010-01-28,,Whale,,1,0
189,2010-02-02,,Whale,,1,0
190,2010-02-03,,Whale,,1,0
191,2010-02-13,,Whale,,1,0
192,2010-02-22,,Whale,,1,0
193,2010-02-28,,Whale,,1,0
194,2010-03-02,,Whale,,1,0
195,2010-03-07,,Whale,,1,0
196,2010-03-08,Acoustic,,,1,0
197,2010-03-09,Acoustic,,,1,0
198,2010-03-10,Acoustic,,,1,0
199,2010-03-11,Acoustic,,,1,0
200,2010-03-12,Acoustic,Whale,,2,0
201,2010-03-13,Acoustic,,,1,0
202,2010-03-14,Acoustic,,,1,0
203,2010-03-15,Acoustic,,,1,0
204,2010-03-16,Acoustic,,,1,0
205,2010-03-17,Acoustic,Whale,,2,0
206,2010-03-18,Acoustic,,,1,0
207,2010-03-19,Acoustic,Whale,,2,0
208,2010-03-20,Acoustic,,,1,0
209,2010-03-21,Acoustic,Whale,,2,0
210,2010-03-22,Acoustic,,,1,0
211,2010-03-23,Acoustic,,,1,0
212,2010-03-24,Acoustic,,,1,0
213,2010-03-25,Acoustic,Whale,,2,0
214,2010-03-26,Acoustic,,,1,0
215,2010-03-27,Acoustic,,,1,0
216,2010-03-28,Acoustic,Whale,,2,0
217,2010-03-29,Acoustic,,,1,0
218,2010-03-30,Acoustic,,,1,0
219,2010-03-31,Acoustic,,,1,0
220,2010-04-01,Acoustic,Whale,,2,0
221,2010-04-02,Acoustic,Whale,,2,0
222,2010-04-03,Acoustic,Whale,,2,0
223,2010-04-04,Acoustic,Whale,,2,0
224,2010-04-05,Acoustic,Whale,,2,0
225,2010-04-06,Acoustic,Whale,,2,0
226,2010-04-07,Acoustic,,,1,0
227,2010-04-08,Acoustic,Whale,,2,0
228,2010-04-09,Acoustic,,,1,0
229,2010-04-10,Acoustic,Whale,,2,0
230,2010-04-11,Acoustic,,,1,0
231,2010-04-12,Acoustic,Whale,,2,0
232,2010-04-13,Acoustic,Whale,,2,0
233,2010-04-14,Acoustic,Whale,,2,0
234,2010-04-15,Acoustic,,,1,0
235,2010-04-16,Acoustic,,,1,0
236,2010-04-17,Acoustic,,,1,0
237,2010-04-18,Acoustic,Whale,,2,0
238,2010-04-19,Acoustic,,,1,0
239,2010-04-20,Acoustic,Whale,,2,0
240,2010-04-21,Acoustic,,,1,0
241,2010-04-22,Acoustic,,,1,0
242,2010-04-23,Acoustic,,,1,0
243,2010-04-24,Acoustic,,,1,0
244,2010-04-25,Acoustic,,,1,0
245,2010-04-26,Acoustic,,,1,0
246,2010-04-27,Acoustic,,,1,0
247,2010-04-28,Acoustic,,,1,0
248,2010-04-29,Acoustic,,,1,0
249,2010-04-30,Acoustic,,,1,0
250,2010-05-01,Acoustic,,,1,0
251,2010-05-02,Acoustic,,,1,0
252,2010-05-03,Acoustic,,,1,0
253,2010-05-04,Acoustic,,,1,0
254,2010-05-05,Acoustic,,,1,0
255,2011-01-06,,Whale,,1,0
256,2011-01-17,,Whale,,1,0
257,2011-01-22,,Whale,,1,0
258,2011-01-28,,Whale,,1,0
259,2011-01-29,,Whale,,1,0
260,2011-02-07,,Whale,,1,0
261,2011-02-17,Acoustic,Whale,Zooplankton,3,1
262,2011-02-18,Acoustic,,,1,0
263,2011-02-19,Acoustic,,,1,0
264,2011-02-20,Acoustic,,,1,0
265,2011-02-21,Acoustic,,,1,0
266,2011-02-22,Acoustic,,,1,0
267,2011-02-23,Acoustic,,,1,0
268,2011-02-24,Acoustic,Whale,Zooplankton,3,1
269,2011-02-25,Acoustic,,,1,0
270,2011-02-26,Acoustic,,,1,0
271,2011-02-27,Acoustic,,,1,0
272,2011-02-28,Acoustic,,,1,0
273,2011-03-01,Acoustic,,,1,0
274,2011-03-02,Acoustic,,,1,0
275,2011-03-03,Acoustic,,,1,0
276,2011-03-04,Acoustic,Whale,,2,0
277,2011-03-05,Acoustic,,,1,0
278,2011-03-06,Acoustic,,,1,0
279,2011-03-07,Acoustic,,,1,0
280,2011-03-08,Acoustic,Whale,,2,0
281,2011-03-09,Acoustic,,,1,0
282,2011-03-10,Acoustic,,,1,0
283,2011-03-11,Acoustic,,,1,0
284,2011-03-12,Acoustic,,,1,0
285,2011-03-13,Acoustic,Whale,,2,0
286,2011-03-14,Acoustic,,,1,0
287,2011-03-15,Acoustic,,,1,0
288,2011-03-16,Acoustic,,,1,0
289,2011-03-17,Acoustic,Whale,Zooplankton,3,1
290,2011-03-18,Acoustic,,,1,0
291,2011-03-19,Acoustic,,,1,0
292,2011-03-20,Acoustic,Whale,,2,0
293,2011-03-21,Acoustic,,,1,0
294,2011-03-22,Acoustic,,,1,0
295,2011-03-23,Acoustic,Whale,,2,0
296,2011-03-24,Acoustic,,,1,0
297,2011-03-25,Acoustic,,,1,0
298,2011-03-26,Acoustic,Whale,,2,0
299,2011-03-27,Acoustic,,,1,0
300,2011-03-28,Acoustic,,,1,0
301,2011-03-29,Acoustic,,,1,0
302,2011-03-30,Acoustic,Whale,,2,0
303,2011-03-31,Acoustic,,,1,0
304,2011-04-01,Acoustic,,,1,0
305,2011-04-02,Acoustic,,,1,0
306,2011-04-03,Acoustic,,,1,0
307,2011-04-04,Acoustic,,,1,0
308,2011-04-05,Acoustic,,,1,0
309,2011-04-06,Acoustic,,,1,0
310,2011-04-07,Acoustic,Whale,,2,0
311,2011-04-08,Acoustic,Whale,,2,0
312,2011-04-09,Acoustic,,,1,0
313,2011-04-10,Acoustic,,,1,0
314,2011-04-11,Acoustic,,,1,0
315,2011-04-12,Acoustic,,,1,0
316,2011-04-13,Acoustic,,,1,0
317,2011-04-14,Acoustic,Whale,,2,0
318,2011-04-15,Acoustic,Whale,,2,0
319,2011-04-16,Acoustic,,,1,0
320,2011-04-17,Acoustic,,,1,0
321,2011-04-18,Acoustic,,,1,0
322,2011-04-19,Acoustic,Whale,Zooplankton,3,1
323,2011-04-20,Acoustic,,,1,0
324,2011-04-21,Acoustic,,,1,0
325,2011-04-22,Acoustic,Whale,,2,0
326,2011-04-23,Acoustic,,,1,0
327,2011-04-24,Acoustic,Whale,,2,0
328,2011-04-25,Acoustic,Whale,Zooplankton,3,1
329,2011-04-26,Acoustic,,,1,0
330,2011-04-27,Acoustic,Whale,,2,0
331,2011-04-28,Acoustic,,,1,0
332,2011-04-29,Acoustic,Whale,Zooplankton,3,1
333,2011-04-30,Acoustic,Whale,,2,0
334,2011-05-01,Acoustic,,,1,0
335,2011-05-02,Acoustic,Whale,,2,0
336,2011-05-03,Acoustic,Whale,,2,0
337,2011-05-04,Acoustic,,,1,0
338,2011-05-05,Acoustic,,,1,0
339,2011-05-06,Acoustic,,,1,0
340,2011-05-07,Acoustic,,,1,0
341,2011-05-08,Acoustic,,,1,0
342,2011-11-30,,Whale,,1,0
343,2011-12-03,,Whale,,1,0
344,2012-01-07,,Whale,,1,0
345,2012-01-16,,Whale,,1,0
346,2012-01-23,,Whale,,1,0
347,2012-01-26,,Whale,Zooplankton,2,0
348,2012-02-02,,Whale,,1,0
349,2012-02-05,,Whale,,1,0
350,2012-02-09,,Whale,Zooplankton,2,0
351,2012-02-15,,Whale,Zooplankton,2,0
352,2012-02-16,,Whale,,1,0
353,2012-02-27,,Whale,Zooplankton,2,0
354,2012-02-29,,Whale,Zooplankton,2,0
355,2012-03-04,,Whale,,1,0
356,2012-03-12,,Whale,,1,0
357,2012-03-16,,Whale,,1,0
358,2012-03-17,,Whale,,1,0
359,2012-03-18,,Whale,,1,0
360,2012-03-19,,Whale,,1,0
361,2012-03-20,,Whale,,1,0
362,2012-03-21,,Whale,,1,0
363,2012-03-23,,Whale,Zooplankton,2,0
364,2012-03-31,,Whale,,1,0
365,2012-04-01,,Whale,Zooplankton,2,0
366,2012-04-06,,Whale,,1,0
367,2012-04-13,,Whale,Zooplankton,2,0
368,2012-04-17,,Whale,Zooplankton,2,0
369,2012-04-19,,Whale,,1,0
370,2012-08-16,,Whale,,1,0
371,2012-11-18,,Whale,,1,0
372,2012-12-12,,Whale,,1,0
373,2012-12-13,,Whale,,1,0
374,2012-12-29,,Whale,,1,0
375,2013-01-06,,Whale,,1,0
376,2013-01-11,,Whale,,1,0
377,2013-01-12,,Whale,,1,0
378,2013-01-17,,Whale,,1,0
379,2013-01-21,,Whale,,1,0
380,2013-01-28,Acoustic,Whale,Zooplankton,3,1
381,2013-01-29,Acoustic,,,1,0
382,2013-01-30,Acoustic,,,1,0
383,2013-01-31,Acoustic,,,1,0
384,2013-02-01,Acoustic,,,1,0
385,2013-02-02,Acoustic,,,1,0
386,2013-02-03,Acoustic,,,1,0
387,2013-02-04,Acoustic,,,1,0
388,2013-02-05,Acoustic,Whale,,2,0
389,2013-02-06,Acoustic,Whale,,2,0
390,2013-02-07,Acoustic,,,1,0
391,2013-02-08,Acoustic,,,1,0
392,2013-02-09,Acoustic,,,1,0
393,2013-02-10,Acoustic,,,1,0
394,2013-02-11,Acoustic,,,1,0
395,2013-02-12,Acoustic,,,1,0
396,2013-02-13,Acoustic,Whale,,2,0
397,2013-02-14,Acoustic,,,1,0
398,2013-02-15,Acoustic,,,1,0
399,2013-02-16,Acoustic,,,1,0
400,2013-02-17,Acoustic,,,1,0
401,2013-02-18,Acoustic,,,1,0
402,2013-02-19,Acoustic,Whale,,2,0
403,2013-02-20,Acoustic,,,1,0
404,2013-02-21,Acoustic,,,1,0
405,2013-02-22,Acoustic,,,1,0
406,2013-02-23,Acoustic,Whale,,2,0
407,2013-02-24,Acoustic,,,1,0
408,2013-02-25,Acoustic,,,1,0
409,2013-02-26,Acoustic,Whale,,2,0
410,2013-02-27,Acoustic,,,1,0
411,2013-02-28,Acoustic,,,1,0
412,2013-03-01,Acoustic,,,1,0
413,2013-03-02,Acoustic,,,1,0
414,2013-03-03,Acoustic,,,1,0
415,2013-03-04,Acoustic,,,1,0
416,2013-03-05,Acoustic,,,1,0
417,2013-03-06,Acoustic,,,1,0
418,2013-03-07,Acoustic,,,1,0
419,2013-03-08,Acoustic,,,1,0
420,2013-03-09,Acoustic,,,1,0
421,2013-03-10,Acoustic,,,1,0
422,2013-03-11,Acoustic,Whale,Zooplankton,3,1
423,2013-03-12,Acoustic,,,1,0
424,2013-03-13,Acoustic,Whale,,2,0
425,2013-03-14,Acoustic,,,1,0
426,2013-03-15,Acoustic,,,1,0
427,2013-03-16,Acoustic,,,1,0
428,2013-03-17,Acoustic,,,1,0
429,2013-03-18,Acoustic,Whale,Zooplankton,3,1
430,2013-03-19,Acoustic,,,1,0
431,2013-03-20,Acoustic,,,1,0
432,2013-03-21,Acoustic,Whale,,2,0
433,2013-03-22,Acoustic,,,1,0
434,2013-03-23,Acoustic,,,1,0
435,2013-03-24,Acoustic,,,1,0
436,2013-03-25,Acoustic,,,1,0
437,2013-03-26,Acoustic,,,1,0
438,2013-03-27,Acoustic,Whale,,2,0
439,2013-03-28,Acoustic,,,1,0
440,2013-03-29,Acoustic,Whale,,2,0
441,2013-03-30,Acoustic,Whale,,2,0
442,2013-03-31,Acoustic,,,1,0
443,2013-04-01,Acoustic,,,1,0
444,2013-04-02,Acoustic,,,1,0
445,2013-04-03,Acoustic,,,1,0
446,2013-04-04,Acoustic,Whale,,2,0
447,2013-04-05,Acoustic,,,1,0
448,2013-04-06,Acoustic,,,1,0
449,2013-04-07,Acoustic,,,1,0
450,2013-04-08,Acoustic,Whale,Zooplankton,3,1
451,2013-04-09,Acoustic,,,1,0
452,2013-04-10,Acoustic,Whale,,2,0
453,2013-04-11,Acoustic,Whale,,2,0
454,2013-04-12,Acoustic,,,1,0
455,2013-04-13,Acoustic,Whale,,2,0
456,2013-04-14,Acoustic,Whale,,2,0
457,2013-04-15,Acoustic,Whale,Zooplankton,3,1
458,2013-04-16,Acoustic,,,1,0
459,2013-04-17,Acoustic,Whale,,2,0
460,2013-04-18,Acoustic,Whale,,2,0
461,2013-04-19,Acoustic,,,1,0
462,2013-04-20,Acoustic,,,1,0
463,2013-04-21,Acoustic,Whale,,2,0
464,2013-04-22,Acoustic,,,1,0
465,2013-04-23,Acoustic,Whale,,2,0
466,2013-04-24,Acoustic,,,1,0
467,2013-04-25,Acoustic,,,1,0
468,2013-04-26,Acoustic,Whale,Zooplankton,3,1
469,2013-04-27,Acoustic,Whale,,2,0
470,2013-04-28,Acoustic,Whale,,2,0
471,2013-04-29,Acoustic,Whale,Zooplankton,3,1
472,2013-04-30,Acoustic,Whale,,2,0
473,2013-05-01,Acoustic,Whale,Zooplankton,3,1
474,2013-05-02,Acoustic,,,1,0
475,2013-05-03,Acoustic,,,1,0
476,2013-05-04,Acoustic,,,1,0
477,2013-05-05,Acoustic,,Zooplankton,2,0
478,2013-05-06,Acoustic,,,1,0
479,2013-10-31,,Whale,,1,0
480,2013-12-29,,Whale,,1,0
481,2014-01-05,,Whale,,1,0
482,2014-01-10,,Whale,,1,0
483,2014-01-16,,Whale,,1,0
484,2014-01-17,,Whale,,1,0
485,2014-02-01,,Whale,,1,0
486,2014-02-08,,Whale,,1,0
487,2014-02-12,,Whale,,1,0
488,2014-02-20,,Whale,,1,0
489,2014-02-23,,Whale,,1,0
490,2014-03-01,Acoustic,Whale,,2,0
491,2014-03-02,Acoustic,,,1,0
492,2014-03-03,Acoustic,,,1,0
493,2014-03-04,Acoustic,Whale,Zooplankton,3,1
494,2014-03-05,Acoustic,,,1,0
495,2014-03-06,Acoustic,,,1,0
496,2014-03-07,Acoustic,Whale,,2,0
497,2014-03-08,Acoustic,Whale,,2,0
498,2014-03-09,Acoustic,,,1,0
499,2014-03-10,Acoustic,Whale,,2,0
500,2014-03-11,Acoustic,,,1,0
501,2014-03-12,Acoustic,Whale,,2,0
502,2014-03-13,Acoustic,,,1,0
503,2014-03-14,Acoustic,Whale,,2,0
504,2014-03-15,Acoustic,,,1,0
505,2014-03-16,Acoustic,,,1,0
506,2014-03-17,Acoustic,Whale,,2,0
507,2014-03-18,Acoustic,Whale,,2,0
508,2014-03-19,Acoustic,Whale,,2,0
509,2014-03-20,Acoustic,,,1,0
510,2014-03-21,Acoustic,,,1,0
511,2014-03-22,Acoustic,,,1,0
512,2014-03-23,Acoustic,Whale,,2,0
513,2014-03-24,Acoustic,,,1,0
514,2014-03-25,Acoustic,Whale,Zooplankton,3,1
515,2014-03-26,Acoustic,,,1,0
516,2014-03-27,Acoustic,,,1,0
517,2014-03-28,Acoustic,,,1,0
518,2014-03-29,Acoustic,,,1,0
519,2014-03-30,Acoustic,,,1,0
520,2014-03-31,Acoustic,,,1,0
521,2014-04-01,Acoustic,,,1,0
522,2014-04-02,Acoustic,Whale,Zooplankton,3,1
523,2014-04-03,Acoustic,,,1,0
524,2014-04-04,Acoustic,Whale,Zooplankton,3,1
525,2014-04-05,Acoustic,,,1,0
526,2014-04-06,Acoustic,Whale,,2,0
527,2014-04-07,Acoustic,Whale,,2,0
528,2014-04-08,Acoustic,,,1,0
529,2014-04-09,Acoustic,Whale,Zooplankton,3,1
530,2014-04-10,Acoustic,,,1,0
531,2014-04-11,Acoustic,,,1,0
532,2014-04-12,Acoustic,Whale,Zooplankton,3,1
533,2014-04-13,Acoustic,,,1,0
534,2014-04-14,Acoustic,,,1,0
535,2014-04-15,Acoustic,,,1,0
536,2014-04-16,Acoustic,,,1,0
537,2014-04-17,Acoustic,Whale,,2,0
538,2014-04-18,Acoustic,Whale,Zooplankton,3,1
539,2014-04-19,Acoustic,Whale,,2,0
540,2014-04-20,Acoustic,,,1,0
541,2014-04-21,Acoustic,Whale,Zooplankton,3,1
542,2014-04-22,Acoustic,,,1,0
543,2014-04-23,Acoustic,,,1,0
544,2014-04-24,Acoustic,,,1,0
545,2014-04-25,Acoustic,Whale,Zooplankton,3,1
546,2014-04-26,Acoustic,,,1,0
547,2014-04-27,Acoustic,,,1,0
548,2014-04-28,Acoustic,,,1,0
549,2014-04-29,Acoustic,,,1,0
550,2014-04-30,Acoustic,,,1,0
551,2014-05-01,Acoustic,,,1,0
552,2014-05-02,Acoustic,,,1,0
553,2014-05-03,Acoustic,,,1,0
554,2014-05-04,Acoustic,,,1,0
555,2014-05-05,Acoustic,,,1,0
556,2014-05-06,Acoustic,,,1,0
557,2014-05-07,Acoustic,,,1,0
558,2014-05-08,Acoustic,,,1,0
559,2014-05-09,Acoustic,,,1,0
560,2014-05-10,Acoustic,,,1,0
561,2014-05-11,Acoustic,,,1,0
562,2014-05-12,Acoustic,,,1,0
563,2014-05-13,Acoustic,,,1,0
564,2014-05-14,Acoustic,,,1,0
565,2014-05-15,Acoustic,,,1,0
566,2014-05-16,Acoustic,,,1,0
567,2014-05-17,Acoustic,,,1,0
568,2014-05-18,Acoustic,,,1,0
569,2014-05-19,Acoustic,,,1,0
570,2014-05-20,Acoustic,,,1,0
571,2014-05-21,Acoustic,,,1,0
572,2014-12-22,,Whale,,1,0
573,2015-01-11,,Whale,,1,0
574,2015-01-21,,Whale,,1,0
575,2015-01-23,,Whale,,1,0
576,2015-02-12,,Whale,,1,0
577,2015-02-17,Acoustic,,,1,0
578,2015-02-18,Acoustic,Whale,Zooplankton,3,1
579,2015-02-19,Acoustic,,,1,0
580,2015-02-20,Acoustic,,,1,0
581,2015-02-21,Acoustic,,,1,0
582,2015-02-22,Acoustic,,,1,0
583,2015-02-23,Acoustic,,,1,0
584,2015-02-24,Acoustic,Whale,,2,0
585,2015-02-25,Acoustic,,,1,0
586,2015-02-26,Acoustic,,,1,0
587,2015-02-27,Acoustic,,,1,0
588,2015-02-28,Acoustic,Whale,,2,0
589,2015-03-01,Acoustic,,,1,0
590,2015-03-02,Acoustic,,,1,0
591,2015-03-03,Acoustic,Whale,,2,0
592,2015-03-04,Acoustic,,,1,0
593,2015-03-05,Acoustic,,,1,0
594,2015-03-06,Acoustic,Whale,,2,0
595,2015-03-07,Acoustic,Whale,,2,0
596,2015-03-08,Acoustic,,,1,0
597,2015-03-09,Acoustic,,,1,0
598,2015-03-10,Acoustic,Whale,,2,0
599,2015-03-11,Acoustic,,,1,0
600,2015-03-12,Acoustic,,,1,0
601,2015-03-13,Acoustic,,,1,0
602,2015-03-14,Acoustic,,,1,0
603,2015-03-15,Acoustic,,,1,0
604,2015-03-16,Acoustic,,,1,0
605,2015-03-17,Acoustic,,,1,0
606,2015-03-18,Acoustic,,,1,0
607,2015-03-19,Acoustic,,,1,0
608,2015-03-20,Acoustic,Whale,Zooplankton,3,1
609,2015-03-21,Acoustic,,,1,0
610,2015-03-22,Acoustic,,,1,0
611,2015-03-23,Acoustic,,,1,0
612,2015-03-24,Acoustic,,,1,0
613,2015-03-25,Acoustic,,,1,0
614,2015-03-26,Acoustic,,,1,0
615,2015-03-27,Acoustic,,,1,0
616,2015-03-28,Acoustic,,,1,0
617,2015-03-29,Acoustic,,,1,0
618,2015-03-30,Acoustic,,,1,0
619,2015-03-31,Acoustic,,,1,0
620,2015-04-01,Acoustic,,,1,0
621,2015-04-02,Acoustic,,,1,0
622,2015-04-03,Acoustic,,,1,0
623,2015-04-04,Acoustic,,,1,0
624,2015-04-05,Acoustic,,,1,0
625,2015-04-06,Acoustic,Whale,Zooplankton,3,1
626,2015-04-07,Acoustic,,,1,0
627,2015-04-08,Acoustic,,,1,0
628,2015-04-09,Acoustic,,,1,0
629,2015-04-10,Acoustic,,,1,0
630,2015-04-11,Acoustic,,,1,0
631,2015-04-12,Acoustic,Whale,,2,0
632,2015-04-13,Acoustic,,,1,0
633,2015-04-14,Acoustic,,,1,0
634,2015-04-15,Acoustic,Whale,Zooplankton,3,1
635,2015-04-16,Acoustic,Whale,,2,0
636,2015-04-17,Acoustic,,,1,0
637,2015-04-18,Acoustic,Whale,Zooplankton,3,1
638,2015-04-19,Acoustic,Whale,,2,0
639,2015-04-20,Acoustic,,,1,0
640,2015-04-21,Acoustic,Whale,,2,0
641,2015-04-22,Acoustic,Whale,,2,0
642,2015-04-23,Acoustic,,,1,0
643,2015-04-24,Acoustic,,,1,0
644,2015-04-25,Acoustic,Whale,,2,0
645,2015-04-26,Acoustic,Whale,,2,0
646,2015-04-27,Acoustic,Whale,Zooplankton,3,1
647,2015-04-28,Acoustic,,,1,0
648,2015-04-29,Acoustic,Whale,,2,0
649,2015-04-30,Acoustic,Whale,,2,0
650,2015-05-01,Acoustic,Whale,,2,0
651,2015-05-02,Acoustic,Whale,,2,0
652,2015-05-03,Acoustic,Whale,,2,0
653,2015-05-04,Acoustic,Whale,,2,0
654,2015-05-05,Acoustic,,,1,0
655,2015-05-06,Acoustic,Whale,Zooplankton,3,1
656,2015-05-07,Acoustic,Whale,,2,0
657,2015-05-08,Acoustic,Whale,Zooplankton,3,1
658,2015-05-09,Acoustic,Whale,,2,0
659,2015-05-10,Acoustic,,,1,0
660,2015-05-11,Acoustic,Whale,,2,0
661,2015-05-12,Acoustic,,,1,0
662,2015-05-13,Acoustic,,,1,0
663,2015-05-14,Acoustic,,,1,0
664,2015-05-15,Acoustic,,,1,0
665,2015-05-16,Acoustic,,,1,0
666,2015-05-17,Acoustic,,,1,0
667,2015-05-18,Acoustic,,,1,0
668,2015-05-19,Acoustic,,,1,0
669,2015-05-20,Acoustic,,,1,0
670,2015-05-21,Acoustic,,,1,0
671,2015-07-23,,Whale,,1,0
672,2015-08-29,,Whale,,1,0
673,2015-08-30,,Whale,,1,0
674,2015-09-02,,Whale,,1,0
675,2016-01-07,,Whale,,1,0
676,2016-01-15,,Whale,,1,0
677,2016-01-30,,Whale,,1,0
678,2016-02-07,,Whale,,1,0
679,2016-02-12,,Whale,,1,0
680,2016-02-15,Acoustic,,,1,0
681,2016-02-16,Acoustic,,,1,0
682,2016-02-17,Acoustic,Whale,,2,0
683,2016-02-18,Acoustic,,,1,0
684,2016-02-19,Acoustic,Whale,,2,0
685,2016-02-20,Acoustic,,,1,0
686,2016-02-21,Acoustic,Whale,,2,0
687,2016-02-22,Acoustic,,,1,0
688,2016-02-23,Acoustic,,,1,0
689,2016-02-24,Acoustic,,,1,0
690,2016-02-25,Acoustic,,,1,0
691,2016-02-26,Acoustic,,,1,0
692,2016-02-27,Acoustic,Whale,,2,0
693,2016-02-28,Acoustic,,,1,0
694,2016-02-29,Acoustic,,,1,0
695,2016-03-01,Acoustic,Whale,,2,0
696,2016-03-02,Acoustic,,,1,0
697,2016-03-03,Acoustic,,,1,0
698,2016-03-04,Acoustic,Whale,,2,0
699,2016-03-05,Acoustic,,,1,0
700,2016-03-06,Acoustic,Whale,,2,0
701,2016-03-07,Acoustic,,,1,0
702,2016-03-08,Acoustic,Whale,Zooplankton,3,1
703,2016-03-09,Acoustic,,,1,0
704,2016-03-10,Acoustic,Whale,,2,0
705,2016-03-11,Acoustic,,,1,0
706,2016-03-12,Acoustic,,,1,0
707,2016-03-13,Acoustic,,,1,0
708,2016-03-14,Acoustic,,,1,0
709,2016-03-15,Acoustic,,,1,0
710,2016-03-16,Acoustic,,,1,0
711,2016-03-17,Acoustic,Whale,,2,0
712,2016-03-18,Acoustic,,,1,0
713,2016-03-19,Acoustic,Whale,,2,0
714,2016-03-20,Acoustic,,,1,0
715,2016-03-21,Acoustic,,,1,0
716,2016-03-22,Acoustic,,,1,0
717,2016-03-23,Acoustic,Whale,,2,0
718,2016-03-24,Acoustic,,,1,0
719,2016-03-25,Acoustic,,,1,0
720,2016-03-26,Acoustic,,,1,0
721,2016-03-27,Acoustic,Whale,,2,0
722,2016-03-28,Acoustic,,,1,0
723,2016-03-29,Acoustic,,,1,0
724,2016-03-30,Acoustic,Whale,Zooplankton,3,1
725,2016-03-31,Acoustic,,,1,0
726,2016-04-01,Acoustic,Whale,,2,0
727,2016-04-02,Acoustic,Whale,,2,0
728,2016-04-03,Acoustic,,,1,0
729,2016-04-04,Acoustic,,,1,0
730,2016-04-05,Acoustic,,,1,0
731,2016-04-06,Acoustic,Whale,Zooplankton,3,1
732,2016-04-07,Acoustic,,,1,0
733,2016-04-08,Acoustic,,,1,0
734,2016-04-09,Acoustic,Whale,Zooplankton,3,1
735,2016-04-10,Acoustic,,,1,0
736,2016-04-11,Acoustic,,,1,0
737,2016-04-12,Acoustic,,,1,0
738,2016-04-13,Acoustic,Whale,,2,0
739,2016-04-14,Acoustic,,,1,0
740,2016-04-15,Acoustic,,,1,0
741,2016-04-16,Acoustic,,,1,0
742,2016-04-17,Acoustic,Whale,,2,0
743,2016-04-18,Acoustic,Whale,Zooplankton,3,1
744,2016-04-19,Acoustic,Whale,,2,0
745,2016-04-20,Acoustic,,,1,0
746,2016-04-21,Acoustic,Whale,,2,0
747,2016-04-22,Acoustic,Whale,,2,0
748,2016-04-23,Acoustic,,,1,0
749,2016-04-24,Acoustic,,,1,0
750,2016-04-25,Acoustic,Whale,Zooplankton,3,1
751,2016-04-26,Acoustic,,,1,0
752,2016-04-27,Acoustic,Whale,Zooplankton,3,1
753,2016-04-28,Acoustic,Whale,,2,0
754,2016-04-29,Acoustic,Whale,Zooplankton,3,1
755,2016-04-30,Acoustic,Whale,,2,0
756,2016-05-01,Acoustic,,,1,0
757,2016-05-02,Acoustic,,,1,0
758,2016-05-03,Acoustic,,,1,0
759,2016-05-04,Acoustic,,,1,0
760,2016-05-05,Acoustic,,,1,0
761,2016-05-06,Acoustic,,,1,0
762,2016-05-07,Acoustic,,,1,0
763,2016-05-08,Acoustic,,,1,0
764,2016-05-09,Acoustic,,,1,0
765,2016-05-10,Acoustic,,,1,0
766,2016-05-11,Acoustic,,,1,0
767,2016-05-12,Acoustic,,,1,0
768,2016-05-13,Acoustic,,,1,0
769,2016-05-14,Acoustic,,,1,0
770,2016-05-15,Acoustic,,,1,0
771,2016-05-16,Acoustic,,,1,0
772,2016-05-17,Acoustic,,,1,0
773,2016-05-18,Acoustic,,,1,0
774,2016-05-19,Acoustic,,,1,0
775,2016-05-20,Acoustic,,,1,0
776,2016-05-21,Acoustic,,,1,0
777,2016-05-22,Acoustic,,,1,0
778,2016-05-23,Acoustic,,,1,0
779,2016-05-24,Acoustic,,,1,0
780,2016-05-25,Acoustic,,,1,0
781,2017-01-17,,Whale,,1,0
782,2017-01-19,,Whale,,1,0
783,2017-01-30,,Whale,,1,0
784,2017-02-03,,Whale,,1,0
785,2017-02-14,,Whale,,1,0
786,2017-02-19,,Whale,,1,0
787,2017-02-21,Acoustic,Whale,,2,0
788,2017-02-22,Acoustic,,,1,0
789,2017-02-23,Acoustic,Whale,,2,0
790,2017-02-24,Acoustic,Whale,,2,0
791,2017-02-25,Acoustic,,,1,0
792,2017-02-26,Acoustic,,,1,0
793,2017-02-27,Acoustic,,,1,0
794,2017-02-28,Acoustic,Whale,Zooplankton,3,1
795,2017-03-01,Acoustic,,,1,0
796,2017-03-02,Acoustic,,,1,0
797,2017-03-03,Acoustic,,,1,0
798,2017-03-04,Acoustic,,,1,0
799,2017-03-05,Acoustic,,,1,0
800,2017-03-06,Acoustic,Whale,,2,0
801,2017-03-07,Acoustic,,,1,0
802,2017-03-08,Acoustic,,,1,0
803,2017-03-09,Acoustic,,,1,0
804,2017-03-10,Acoustic,,,1,0
805,2017-03-11,Acoustic,,,1,0
806,2017-03-12,Acoustic,,,1,0
807,2017-03-13,Acoustic,,,1,0
808,2017-03-14,Acoustic,Whale,,2,0
809,2017-03-15,Acoustic,,,1,0
810,2017-03-16,Acoustic,,,1,0
811,2017-03-17,Acoustic,,,1,0
812,2017-03-18,Acoustic,Whale,Zooplankton,3,1
813,2017-03-19,Acoustic,,,1,0
814,2017-03-20,Acoustic,,,1,0
815,2017-03-21,Acoustic,Whale,,2,0
816,2017-03-22,Acoustic,,,1,0
817,2017-03-23,Acoustic,,,1,0
818,2017-03-24,Acoustic,,,1,0
819,2017-03-25,Acoustic,Whale,,2,0
820,2017-03-26,Acoustic,,,1,0
821,2017-03-27,Acoustic,,,1,0
822,2017-03-28,Acoustic,Whale,,2,0
823,2017-03-29,Acoustic,,,1,0
824,2017-03-30,Acoustic,,,1,0
825,2017-03-31,Acoustic,Whale,Zooplankton,3,1
826,2017-04-01,Acoustic,,,1,0
827,2017-04-02,Acoustic,,,1,0
828,2017-04-03,Acoustic,Whale,Zooplankton,3,1
829,2017-04-04,Acoustic,,,1,0
830,2017-04-05,Acoustic,,,1,0
831,2017-04-06,Acoustic,,,1,0
832,2017-04-07,Acoustic,,,1,0
833,2017-04-08,Acoustic,,,1,0
834,2017-04-09,Acoustic,Whale,Zooplankton,3,1
835,2017-04-10,Acoustic,,,1,0
836,2017-04-11,Acoustic,Whale,,2,0
837,2017-04-12,Acoustic,Whale,Zooplankton,3,1
838,2017-04-13,Acoustic,Whale,,2,0
839,2017-04-14,Acoustic,Whale,Zooplankton,3,1
840,2017-04-15,Acoustic,Whale,,2,0
841,2017-04-16,Acoustic,,,1,0
842,2017-04-17,Acoustic,Whale,,2,0
843,2017-04-18,Acoustic,Whale,Zooplankton,3,1
844,2017-04-19,Acoustic,Whale,,2,0
845,2017-04-20,Acoustic,Whale,,2,0
846,2017-04-21,Acoustic,,,1,0
847,2017-04-22,Acoustic,,,1,0
848,2017-04-23,Acoustic,Whale,,2,0
849,2017-04-24,Acoustic,Whale,,2,0
850,2017-04-25,Acoustic,,,1,0
851,2017-04-26,Acoustic,,,1,0
852,2017-04-27,Acoustic,Whale,,2,0
853,2017-04-28,Acoustic,,,1,0
854,2017-04-29,Acoustic,,,1,0
855,2017-04-30,Acoustic,Whale,,2,0
856,2017-05-01,Acoustic,Whale,,2,0
857,2017-05-02,Acoustic,,,1,0
858,2017-05-03,Acoustic,,,1,0
859,2017-05-04,Acoustic,Whale,Zooplankton,3,1
860,2017-05-05,Acoustic,,,1,0
861,2017-05-06,Acoustic,,,1,0
862,2017-05-07,Acoustic,,,1,0
863,2017-05-08,Acoustic,,,1,0
864,2017-05-09,Acoustic,,Zooplankton,2,0
865,2017-05-10,Acoustic,,,1,0
866,2017-05-11,Acoustic,,,1,0
867,2017-05-12,Acoustic,,,1,0
868,2017-05-13,Acoustic,,,1,0
869,2017-05-14,Acoustic,,,1,0
870,2017-05-15,Acoustic,,,1,0
871,2017-05-16,Acoustic,,,1,0
872,2017-12-24,,Whale,,1,0
873,2018-01-16,,Whale,,1,0
874,2018-01-19,,Whale,,1,0
875,2018-02-06,,Whale,,1,0
876,2018-02-13,Acoustic,Whale,,2,0
877,2018-02-14,Acoustic,,,1,0
878,2018-02-15,Acoustic,Whale,,2,0
879,2018-02-16,Acoustic,,,1,0
880,2018-02-17,Acoustic,Whale,,2,0
881,2018-02-18,Acoustic,,,1,0
882,2018-02-19,Acoustic,,,1,0
883,2018-02-20,Acoustic,,,1,0
884,2018-02-21,Acoustic,,,1,0
885,2018-02-22,Acoustic,,,1,0
886,2018-02-23,Acoustic,,,1,0
887,2018-02-24,Acoustic,Whale,Zooplankton,3,1
888,2018-02-25,Acoustic,,,1,0
889,2018-02-26,Acoustic,,,1,0
890,2018-02-27,Acoustic,Whale,,2,0
891,2018-02-28,Acoustic,,,1,0
892,2018-03-01,Acoustic,Whale,,2,0
893,2018-03-02,Acoustic,,,1,0
894,2018-03-03,Acoustic,,,1,0
895,2018-03-04,Acoustic,,,1,0
896,2018-03-05,Acoustic,,,1,0
897,2018-03-06,Acoustic,,,1,0
898,2018-03-07,Acoustic,,,1,0
899,2018-03-08,Acoustic,,,1,0
900,2018-03-09,Acoustic,,,1,0
901,2018-03-10,Acoustic,,,1,0
902,2018-03-11,Acoustic,,,1,0
903,2018-03-12,Acoustic,Whale,Zooplankton,3,1
904,2018-03-13,Acoustic,,,1,0
905,2018-03-14,Acoustic,,,1,0
906,2018-03-15,Acoustic,,,1,0
907,2018-03-16,Acoustic,,,1,0
908,2018-03-17,Acoustic,,,1,0
909,2018-03-18,Acoustic,,,1,0
910,2018-03-19,Acoustic,,,1,0
911,2018-03-20,Acoustic,Whale,Zooplankton,3,1
912,2018-03-21,Acoustic,,,1,0
913,2018-03-22,Acoustic,,,1,0
914,2018-03-23,Acoustic,,,1,0
915,2018-03-24,Acoustic,Whale,,2,0
916,2018-03-25,Acoustic,,,1,0
917,2018-03-26,Acoustic,,,1,0
918,2018-03-27,Acoustic,,,1,0
919,2018-03-28,Acoustic,Whale,Zooplankton,3,1
920,2018-03-29,Acoustic,Whale,,2,0
921,2018-03-30,Acoustic,,,1,0
922,2018-03-31,Acoustic,,,1,0
923,2018-04-01,Acoustic,,,1,0
924,2018-04-02,Acoustic,Whale,,2,0
925,2018-04-03,Acoustic,Whale,,2,0
926,2018-04-04,Acoustic,,,1,0
927,2018-04-05,Acoustic,,,1,0
928,2018-04-06,Acoustic,,,1,0
929,2018-04-07,Acoustic,,,1,0
930,2018-04-08,Acoustic,,,1,0
931,2018-04-09,Acoustic,,,1,0
932,2018-04-10,Acoustic,Whale,,2,0
933,2018-04-11,Acoustic,Whale,Zooplankton,3,1
934,2018-04-12,Acoustic,,,1,0
935,2018-04-13,Acoustic,Whale,Zooplankton,3,1
936,2018-04-14,Acoustic,,,1,0
937,2018-04-15,Acoustic,,,1,0
938,2018-04-16,Acoustic,,,1,0
939,2018-04-17,Acoustic,,,1,0
940,2018-04-18,Acoustic,,,1,0
941,2018-04-19,Acoustic,,,1,0
942,2018-04-20,Acoustic,,,1,0
943,2018-04-21,Acoustic,Whale,,2,0
944,2018-04-22,Acoustic,Whale,Zooplankton,3,1
945,2018-04-23,Acoustic,Whale,,2,0
946,2018-04-24,Acoustic,,,1,0
947,2018-04-25,Acoustic,,,1,0
948,2018-04-26,Acoustic,Whale,,2,0
949,2018-04-27,Acoustic,Whale,Zooplankton,3,1
950,2018-04-28,Acoustic,Whale,,2,0
951,2018-04-29,Acoustic,,,1,0
952,2018-04-30,Acoustic,Whale,Zooplankton,3,1
953,2018-05-01,Acoustic,Whale,,2,0
954,2018-05-02,Acoustic,,,1,0
955,2018-05-03,Acoustic,Whale,,2,0
956,2018-05-04,Acoustic,Whale,,2,0
957,2018-05-05,Acoustic,Whale,,2,0
958,2018-05-06,Acoustic,Whale,Zooplankton,3,1
959,2018-05-07,Acoustic,Whale,,2,0
960,2018-05-08,Acoustic,Whale,,2,0
961,2018-05-09,Acoustic,Whale,,2,0
962,2018-05-10,Acoustic,,,1,0
963,2018-05-11,Acoustic,,,1,0
964,2018-05-12,Acoustic,,,1,0
965,2018-05-13,Acoustic,Whale,,2,0
966,2018-05-14,Acoustic,,,1,0
967,2018-05-15,Acoustic,,,1,0
968,2018-05-16,Acoustic,,,1,0
969,2018-05-17,Acoustic,,,1,0
970,2018-05-18,Acoustic,,,1,0
971,2018-05-19,Acoustic,,,1,0
972,2018-05-20,Acoustic,,,1,0
973,2018-05-21,Acoustic,,,1,0
974,2018-05-22,Acoustic,,,1,0
975,2018-05-23,Acoustic,,,1,0
976,2018-05-24,Acoustic,,,1,0
977,2018-05-25,Acoustic,,,1,0
978,2018-05-26,Acoustic,,,1,0
979,2018-05-27,Acoustic,,,1,0
980,2018-05-28,Acoustic,,,1,0
981,2018-05-29,Acoustic,,,1,0
982,2018-05-30,Acoustic,,,1,0
983,2018-12-11,,Whale,,1,0
984,2018-12-14,,Whale,,1,0
985,2018-12-19,,Whale,,1,0
986,2018-12-30,,Whale,,1,0
